event_id,customer_id,event_type,product_id,event_timestamp
E00001,C008,add_to_cart,P010,2023-01-08 21:04:00
E00002,C087,add_to_cart,P046,2023-03-15 05:03:00
E00003,C070,purchase,P014,2023-05-10 17:53:00
E00004,C089,add_to_cart,P005,2023-06-28 21:14:00
E00005,C026,view,P027,2023-06-18 21:45:00
E00006,C047,view,P027,2023-01-21 15:11:00
E00007,C071,purchase,P022,2023-03-02 23:53:00
E00008,C085,view,P035,2023-05-29 04:22:00
E00009,C014,view,P030,2023-01-17 17:10:00
E00010,C009,view,P027,2023-05-23 02:15:00
E00011,C059,purchase,P004,2023-04-06 16:49:00
E00012,C095,checkout,P014,2023-01-18 17:10:00
E00013,C099,view,P027,2023-06-23 03:21:00
E00014,C017,add_to_cart,P025,2023-02-06 08:55:00
E00015,C099,add_to_cart,P050,2023-05-11 16:44:00
E00016,C098,checkout,P038,2023-06-07 06:34:00
E00017,C040,view,P045,2023-01-17 07:50:00
E00018,C039,view,P002,2023-01-05 14:40:00
E00019,C004,remove_from_cart,P049,2023-03-22 06:48:00
E00020,C013,add_to_cart,P037,2023-06-06 10:55:00
E00021,C042,checkout,P025,2023-03-18 09:37:00
E00022,C055,view,P031,2023-05-17 21:53:00
E00023,C030,view,P001,2023-05-24 11:24:00
E00024,C013,view,P023,2023-04-11 16:31:00
E00025,C099,view,P020,2023-03-16 12:29:00
E00026,C029,remove_from_cart,P049,2023-02-12 23:56:00
E00027,C062,view,P025,2023-01-10 00:24:00
E00028,C016,checkout,P027,2023-02-10 16:46:00
E00029,C010,view,P035,2023-01-18 01:34:00
E00030,C084,add_to_cart,P048,2023-01-23 17:33:00
E00031,C049,view,P048,2023-01-24 13:33:00
E00032,C030,checkout,P035,2023-04-24 21:05:00
E00033,C062,add_to_cart,P039,2023-05-12 03:27:00
E00034,C065,purchase,P015,2023-06-19 05:02:00
E00035,C073,view,P032,2023-03-27 05:44:00
E00036,C088,view,P015,2023-06-16 12:42:00
E00037,C037,remove_from_cart,P018,2023-06-15 15:06:00
E00038,C070,purchase,P028,2023-05-11 08:30:00
E00039,C046,add_to_cart,P032,2023-04-22 16:29:00
E00040,C077,purchase,P002,2023-01-17 20:22:00
E00041,C052,view,P025,2023-03-31 07:03:00
E00042,C020,checkout,P022,2023-04-28 13:09:00
E00043,C074,view,P043,2023-06-21 05:44:00
E00044,C090,view,P044,2023-06-16 18:01:00
E00045,C003,checkout,P026,2023-05-28 13:24:00
E00046,C005,add_to_cart,P047,2023-02-16 00:22:00
E00047,C049,add_to_cart,P011,2023-05-15 09:55:00
E00048,C061,view,P030,2023-05-30 14:58:00
E00049,C050,view,P009,2023-06-25 17:52:00
E00050,C088,checkout,P040,2023-01-06 11:46:00
E00051,C013,view,P035,2023-05-24 15:10:00
E00052,C089,add_to_cart,P002,2023-01-25 02:21:00
E00053,C098,view,P026,2023-06-18 11:35:00
E00054,C067,view,P038,2023-06-08 22:52:00
E00055,C009,view,P037,2023-03-03 16:01:00
E00056,C076,view,P043,2023-02-02 07:42:00
E00057,C040,purchase,P002,2023-05-12 19:54:00
E00058,C059,view,P006,2023-03-15 07:55:00
E00059,C079,view,P042,2023-04-17 03:06:00
E00060,C005,view,P028,2023-01-30 01:53:00
E00061,C070,purchase,P009,2023-04-08 21:35:00
E00062,C077,checkout,P030,2023-03-02 09:48:00
E00063,C081,view,P012,2023-04-08 15:08:00
E00064,C096,add_to_cart,P004,2023-02-28 09:22:00
E00065,C058,add_to_cart,P017,2023-01-08 20:23:00
E00066,C098,add_to_cart,P025,2023-06-04 23:40:00
E00067,C033,checkout,P021,2023-01-06 01:54:00
E00068,C080,add_to_cart,P014,2023-06-19 11:44:00
E00069,C059,checkout,P030,2023-05-30 02:16:00
E00070,C013,checkout,P021,2023-03-09 19:04:00
E00071,C053,add_to_cart,P022,2023-03-01 20:46:00
E00072,C027,remove_from_cart,P049,2023-04-17 16:06:00
E00073,C005,checkout,P025,2023-02-21 18:33:00
E00074,C031,checkout,P018,2023-03-15 12:25:00
E00075,C032,view,P049,2023-04-27 09:01:00
E00076,C039,view,P027,2023-04-15 01:39:00
E00077,C002,checkout,P017,2023-03-05 23:24:00
E00078,C012,view,P006,2023-06-01 14:55:00
E00079,C013,add_to_cart,P031,2023-05-18 07:44:00
E00080,C017,view,P002,2023-05-22 09:37:00
E00081,C060,view,P048,2023-02-14 08:12:00
E00082,C035,view,P035,2023-02-22 22:42:00
E00083,C030,view,P004,2023-06-01 15:04:00
E00084,C096,checkout,P023,2023-01-01 23:55:00
E00085,C060,view,P015,2023-04-20 12:52:00
E00086,C093,remove_from_cart,P042,2023-05-22 10:27:00
E00087,C096,remove_from_cart,P005,2023-04-07 05:23:00
E00088,C091,view,P050,2023-05-27 20:27:00
E00089,C022,add_to_cart,P042,2023-01-07 07:17:00
E00090,C065,view,P003,2023-05-25 10:31:00
E00091,C082,checkout,P049,2023-04-28 02:39:00
E00092,C047,purchase,P002,2023-02-23 19:15:00
E00093,C099,add_to_cart,P016,2023-01-19 19:23:00
E00094,C007,view,P013,2023-05-02 14:56:00
E00095,C006,view,P002,2023-06-29 03:11:00
E00096,C051,view,P040,2023-06-07 20:06:00
E00097,C026,view,P010,2023-04-11 01:37:00
E00098,C029,purchase,P016,2023-03-03 22:26:00
E00099,C013,checkout,P009,2023-05-19 20:30:00
E00100,C029,add_to_cart,P031,2023-01-17 06:11:00
E00101,C032,view,P043,2023-02-24 17:17:00
E00102,C084,add_to_cart,P008,2023-01-16 07:22:00
E00103,C067,purchase,P037,2023-06-19 18:19:00
E00104,C056,view,P014,2023-02-06 23:48:00
E00105,C047,view,P030,2023-04-21 21:14:00
E00106,C084,view,P045,2023-05-16 01:28:00
E00107,C069,purchase,P017,2023-04-07 04:16:00
E00108,C058,checkout,P050,2023-04-15 21:34:00
E00109,C034,view,P024,2023-01-19 08:31:00
E00110,C025,add_to_cart,P011,2023-01-19 07:45:00
E00111,C015,view,P039,2023-03-01 09:30:00
E00112,C072,view,P039,2023-03-22 07:52:00
E00113,C017,view,P048,2023-04-08 01:43:00
E00114,C079,view,P046,2023-03-01 09:53:00
E00115,C071,add_to_cart,P008,2023-02-27 13:19:00
E00116,C044,view,P050,2023-02-01 03:39:00
E00117,C003,view,P011,2023-01-01 08:46:00
E00118,C025,view,P020,2023-01-09 00:16:00
E00119,C084,view,P007,2023-03-14 07:01:00
E00120,C048,view,P038,2023-04-01 02:29:00
E00121,C002,remove_from_cart,P002,2023-06-26 15:06:00
E00122,C064,view,P020,2023-03-13 03:51:00
E00123,C021,view,P037,2023-04-22 20:47:00
E00124,C082,view,P044,2023-05-15 02:38:00
E00125,C038,view,P025,2023-04-17 03:56:00
E00126,C089,checkout,P026,2023-01-15 07:01:00
E00127,C041,view,P046,2023-04-24 22:13:00
E00128,C051,view,P013,2023-05-02 04:00:00
E00129,C076,purchase,P005,2023-04-28 19:11:00
E00130,C079,view,P038,2023-06-07 05:09:00
E00131,C092,add_to_cart,P045,2023-02-21 16:41:00
E00132,C040,view,P041,2023-05-16 02:35:00
E00133,C097,add_to_cart,P016,2023-04-21 01:36:00
E00134,C077,view,P007,2023-06-02 14:04:00
E00135,C026,view,P045,2023-03-17 12:17:00
E00136,C038,add_to_cart,P050,2023-02-05 07:41:00
E00137,C015,view,P020,2023-01-07 07:18:00
E00138,C044,view,P044,2023-02-19 17:46:00
E00139,C061,add_to_cart,P039,2023-04-03 08:37:00
E00140,C009,purchase,P008,2023-04-01 13:26:00
E00141,C095,add_to_cart,P037,2023-02-15 01:21:00
E00142,C076,checkout,P003,2023-04-20 06:41:00
E00143,C092,checkout,P023,2023-04-11 11:41:00
E00144,C007,add_to_cart,P035,2023-03-10 09:51:00
E00145,C004,add_to_cart,P028,2023-02-26 21:41:00
E00146,C026,view,P043,2023-05-11 05:18:00
E00147,C041,view,P024,2023-01-26 14:37:00
E00148,C075,add_to_cart,P005,2023-02-20 11:55:00
E00149,C087,add_to_cart,P033,2023-04-03 02:32:00
E00150,C045,add_to_cart,P042,2023-04-24 04:02:00
E00151,C055,view,P022,2023-02-18 19:56:00
E00152,C008,checkout,P001,2023-01-02 15:16:00
E00153,C055,view,P027,2023-06-03 10:51:00
E00154,C082,view,P032,2023-01-12 04:02:00
E00155,C022,view,P007,2023-06-26 13:43:00
E00156,C059,add_to_cart,P028,2023-02-25 06:01:00
E00157,C035,view,P024,2023-01-12 07:49:00
E00158,C063,view,P041,2023-06-26 23:34:00
E00159,C076,view,P030,2023-03-20 00:20:00
E00160,C031,view,P046,2023-06-10 17:27:00
E00161,C020,add_to_cart,P010,2023-06-28 06:51:00
E00162,C020,add_to_cart,P028,2023-03-21 07:45:00
E00163,C049,add_to_cart,P012,2023-05-17 06:00:00
E00164,C036,view,P047,2023-01-22 22:25:00
E00165,C100,checkout,P034,2023-01-19 01:37:00
E00166,C036,view,P042,2023-04-10 11:53:00
E00167,C058,purchase,P018,2023-03-31 01:47:00
E00168,C003,add_to_cart,P040,2023-03-29 20:23:00
E00169,C021,add_to_cart,P035,2023-04-21 02:42:00
E00170,C026,add_to_cart,P050,2023-04-18 04:31:00
E00171,C094,view,P031,2023-06-15 15:07:00
E00172,C014,purchase,P030,2023-01-24 00:22:00
E00173,C037,checkout,P028,2023-03-29 10:52:00
E00174,C041,view,P047,2023-03-08 16:59:00
E00175,C014,add_to_cart,P038,2023-05-04 16:56:00
E00176,C084,add_to_cart,P018,2023-02-01 20:53:00
E00177,C017,view,P021,2023-06-05 00:24:00
E00178,C028,view,P016,2023-06-27 05:24:00
E00179,C005,view,P006,2023-04-17 05:59:00
E00180,C076,view,P018,2023-04-10 18:20:00
E00181,C023,view,P029,2023-03-24 01:14:00
E00182,C010,view,P016,2023-02-27 01:49:00
E00183,C080,add_to_cart,P049,2023-03-25 17:45:00
E00184,C076,checkout,P030,2023-05-01 08:32:00
E00185,C005,view,P037,2023-02-25 05:30:00
E00186,C076,add_to_cart,P040,2023-05-29 07:27:00
E00187,C084,view,P043,2023-01-25 23:06:00
E00188,C037,view,P025,2023-01-11 19:23:00
E00189,C037,remove_from_cart,P022,2023-01-07 20:07:00
E00190,C044,view,P002,2023-02-27 20:30:00
E00191,C079,add_to_cart,P032,2023-05-29 19:06:00
E00192,C061,view,P021,2023-06-28 00:13:00
E00193,C002,view,P012,2023-06-04 12:20:00
E00194,C020,view,P032,2023-05-28 04:48:00
E00195,C035,view,P014,2023-04-21 17:56:00
E00196,C059,view,P023,2023-04-08 09:52:00
E00197,C051,view,P017,2023-03-24 19:53:00
E00198,C020,purchase,P022,2023-04-02 21:11:00
E00199,C043,view,P018,2023-02-01 10:32:00
E00200,C050,purchase,P039,2023-04-12 17:10:00
E00201,C095,view,P045,2023-01-05 13:30:00
E00202,C050,view,P018,2023-02-24 23:01:00
E00203,C084,view,P036,2023-03-14 06:21:00
E00204,C045,view,P001,2023-01-02 08:49:00
E00205,C008,purchase,P034,2023-03-27 10:08:00
E00206,C008,view,P013,2023-01-10 11:49:00
E00207,C005,purchase,P006,2023-06-21 11:58:00
E00208,C034,add_to_cart,P016,2023-06-12 22:14:00
E00209,C090,view,P047,2023-06-28 18:37:00
E00210,C082,add_to_cart,P027,2023-01-26 08:07:00
E00211,C047,add_to_cart,P032,2023-06-06 20:27:00
E00212,C091,purchase,P036,2023-02-07 13:01:00
E00213,C068,add_to_cart,P049,2023-04-24 04:02:00
E00214,C031,add_to_cart,P016,2023-01-14 13:08:00
E00215,C048,add_to_cart,P045,2023-03-18 12:09:00
E00216,C062,add_to_cart,P031,2023-03-13 19:29:00
E00217,C064,view,P042,2023-01-04 23:04:00
E00218,C033,view,P046,2023-03-19 06:39:00
E00219,C013,remove_from_cart,P032,2023-05-31 03:42:00
E00220,C075,checkout,P029,2023-03-21 04:44:00
E00221,C004,add_to_cart,P002,2023-05-17 03:17:00
E00222,C098,remove_from_cart,P006,2023-03-10 23:04:00
E00223,C023,view,P019,2023-03-14 01:14:00
E00224,C001,view,P015,2023-06-15 13:09:00
E00225,C071,view,P026,2023-01-03 14:06:00
E00226,C065,view,P045,2023-06-12 15:02:00
E00227,C015,add_to_cart,P016,2023-01-25 18:03:00
E00228,C093,view,P020,2023-06-18 00:48:00
E00229,C096,view,P043,2023-04-17 14:35:00
E00230,C090,add_to_cart,P038,2023-05-25 07:35:00
E00231,C078,add_to_cart,P024,2023-06-11 08:45:00
E00232,C009,view,P031,2023-06-06 06:49:00
E00233,C072,add_to_cart,P036,2023-06-16 17:09:00
E00234,C028,view,P034,2023-01-01 19:37:00
E00235,C025,view,P023,2023-02-26 20:49:00
E00236,C048,add_to_cart,P028,2023-04-10 01:15:00
E00237,C100,add_to_cart,P048,2023-06-04 06:07:00
E00238,C087,checkout,P036,2023-05-13 14:41:00
E00239,C043,view,P022,2023-04-25 01:26:00
E00240,C080,add_to_cart,P023,2023-03-02 12:43:00
E00241,C015,view,P045,2023-04-08 04:58:00
E00242,C051,view,P030,2023-05-26 14:44:00
E00243,C013,view,P018,2023-05-04 13:53:00
E00244,C078,view,P020,2023-01-05 23:11:00
E00245,C052,add_to_cart,P017,2023-05-01 15:24:00
E00246,C028,add_to_cart,P015,2023-03-26 17:19:00
E00247,C036,add_to_cart,P008,2023-01-09 12:49:00
E00248,C049,purchase,P047,2023-06-10 18:33:00
E00249,C089,add_to_cart,P013,2023-06-10 04:22:00
E00250,C095,checkout,P021,2023-04-22 16:06:00
E00251,C013,view,P008,2023-06-02 20:14:00
E00252,C056,remove_from_cart,P048,2023-05-23 12:44:00
E00253,C042,purchase,P035,2023-03-25 06:11:00
E00254,C068,view,P049,2023-02-11 02:29:00
E00255,C001,view,P045,2023-01-30 15:08:00
E00256,C047,purchase,P012,2023-05-28 02:30:00
E00257,C022,checkout,P013,2023-06-02 16:21:00
E00258,C092,view,P014,2023-01-26 23:04:00
E00259,C015,add_to_cart,P048,2023-02-22 21:13:00
E00260,C042,purchase,P031,2023-03-24 23:43:00
E00261,C049,view,P018,2023-01-24 16:04:00
E00262,C068,view,P047,2023-05-10 18:58:00
E00263,C100,view,P038,2023-01-26 00:41:00
E00264,C089,view,P049,2023-02-26 15:31:00
E00265,C074,view,P034,2023-03-30 13:56:00
E00266,C047,view,P039,2023-06-22 20:59:00
E00267,C098,view,P019,2023-02-25 22:12:00
E00268,C081,view,P007,2023-02-17 11:48:00
E00269,C015,view,P013,2023-01-29 01:10:00
E00270,C032,add_to_cart,P019,2023-05-23 21:28:00
E00271,C078,add_to_cart,P015,2023-05-12 03:36:00
E00272,C025,purchase,P024,2023-03-20 01:38:00
E00273,C007,add_to_cart,P012,2023-03-07 06:58:00
E00274,C042,view,P020,2023-01-23 03:50:00
E00275,C041,add_to_cart,P001,2023-05-15 09:10:00
E00276,C024,view,P046,2023-05-14 08:18:00
E00277,C068,add_to_cart,P035,2023-02-23 00:09:00
E00278,C032,view,P009,2023-02-07 16:13:00
E00279,C036,view,P018,2023-03-19 01:04:00
E00280,C036,view,P003,2023-01-22 18:47:00
E00281,C097,view,P004,2023-02-17 05:28:00
E00282,C068,view,P036,2023-02-14 15:55:00
E00283,C002,add_to_cart,P019,2023-05-19 06:03:00
E00284,C027,add_to_cart,P045,2023-03-29 07:03:00
E00285,C072,add_to_cart,P009,2023-06-28 11:33:00
E00286,C044,view,P041,2023-06-14 10:42:00
E00287,C086,add_to_cart,P049,2023-06-28 06:46:00
E00288,C044,add_to_cart,P032,2023-05-12 16:48:00
E00289,C035,add_to_cart,P007,2023-06-19 02:05:00
E00290,C008,add_to_cart,P001,2023-03-08 10:33:00
E00291,C036,purchase,P037,2023-02-03 18:04:00
E00292,C031,remove_from_cart,P019,2023-01-21 03:02:00
E00293,C080,view,P031,2023-03-03 14:53:00
E00294,C055,remove_from_cart,P031,2023-04-22 09:20:00
E00295,C016,add_to_cart,P029,2023-04-29 17:23:00
E00296,C003,purchase,P022,2023-03-10 10:20:00
E00297,C023,view,P012,2023-02-03 11:51:00
E00298,C005,add_to_cart,P004,2023-05-15 13:43:00
E00299,C065,checkout,P017,2023-03-10 08:52:00
E00300,C084,add_to_cart,P031,2023-02-09 01:53:00
E00301,C072,remove_from_cart,P008,2023-03-25 07:28:00
E00302,C016,add_to_cart,P005,2023-01-07 17:55:00
E00303,C098,view,P026,2023-04-13 05:55:00
E00304,C097,view,P032,2023-03-28 10:41:00
E00305,C085,view,P005,2023-05-05 06:16:00
E00306,C073,add_to_cart,P037,2023-03-30 18:10:00
E00307,C052,view,P041,2023-01-13 13:13:00
E00308,C068,checkout,P044,2023-03-04 18:13:00
E00309,C035,remove_from_cart,P004,2023-01-08 05:02:00
E00310,C086,add_to_cart,P010,2023-06-03 18:27:00
E00311,C012,purchase,P010,2023-04-10 14:01:00
E00312,C038,checkout,P037,2023-01-25 00:34:00
E00313,C030,checkout,P020,2023-02-13 20:13:00
E00314,C078,checkout,P006,2023-06-06 07:43:00
E00315,C007,view,P016,2023-05-23 06:32:00
E00316,C015,view,P008,2023-01-05 16:01:00
E00317,C091,add_to_cart,P036,2023-04-01 15:13:00
E00318,C078,purchase,P049,2023-05-05 23:27:00
E00319,C010,checkout,P027,2023-02-21 18:00:00
E00320,C054,view,P039,2023-05-23 06:54:00
E00321,C014,view,P039,2023-01-22 13:35:00
E00322,C054,checkout,P040,2023-03-21 05:39:00
E00323,C003,purchase,P015,2023-01-17 06:29:00
E00324,C025,add_to_cart,P050,2023-06-22 10:09:00
E00325,C008,view,P034,2023-01-13 01:07:00
E00326,C025,view,P025,2023-01-28 20:28:00
E00327,C060,remove_from_cart,P029,2023-03-18 21:19:00
E00328,C096,add_to_cart,P029,2023-05-23 14:22:00
E00329,C078,checkout,P020,2023-05-08 06:20:00
E00330,C060,checkout,P038,2023-03-23 12:47:00
E00331,C093,view,P028,2023-02-12 01:05:00
E00332,C060,view,P020,2023-05-21 23:58:00
E00333,C005,remove_from_cart,P037,2023-03-09 09:13:00
E00334,C089,view,P040,2023-06-11 23:06:00
E00335,C050,view,P004,2023-03-25 05:43:00
E00336,C079,purchase,P040,2023-05-13 07:46:00
E00337,C009,view,P048,2023-05-21 07:36:00
E00338,C028,view,P007,2023-04-08 07:46:00
E00339,C007,add_to_cart,P049,2023-04-18 04:43:00
E00340,C097,add_to_cart,P014,2023-06-10 10:14:00
E00341,C040,checkout,P041,2023-05-18 11:50:00
E00342,C052,view,P014,2023-03-10 13:23:00
E00343,C038,view,P017,2023-04-12 17:34:00
E00344,C063,view,P043,2023-05-07 13:48:00
E00345,C099,view,P006,2023-01-19 13:15:00
E00346,C086,checkout,P011,2023-04-08 22:28:00
E00347,C086,purchase,P016,2023-05-15 12:38:00
E00348,C002,view,P012,2023-01-05 13:08:00
E00349,C079,add_to_cart,P036,2023-01-17 16:22:00
E00350,C058,view,P005,2023-06-04 05:24:00
E00351,C065,view,P011,2023-02-11 05:13:00
E00352,C085,view,P001,2023-05-04 17:08:00
E00353,C045,view,P027,2023-01-29 18:24:00
E00354,C099,view,P029,2023-04-09 09:46:00
E00355,C063,view,P045,2023-03-25 17:35:00
E00356,C055,view,P039,2023-01-08 11:09:00
E00357,C068,checkout,P031,2023-01-27 00:47:00
E00358,C082,view,P019,2023-04-11 18:48:00
E00359,C093,view,P003,2023-04-15 19:49:00
E00360,C042,remove_from_cart,P015,2023-06-16 16:12:00
E00361,C064,remove_from_cart,P019,2023-04-25 01:12:00
E00362,C041,add_to_cart,P046,2023-05-06 13:15:00
E00363,C048,view,P019,2023-06-02 21:29:00
E00364,C058,view,P045,2023-05-07 17:43:00
E00365,C021,checkout,P030,2023-03-30 16:54:00
E00366,C034,view,P005,2023-06-02 16:21:00
E00367,C072,view,P044,2023-05-23 03:28:00
E00368,C060,view,P015,2023-02-09 05:32:00
E00369,C083,view,P017,2023-06-14 04:59:00
E00370,C065,view,P041,2023-05-01 04:23:00
E00371,C077,view,P038,2023-06-06 12:06:00
E00372,C043,add_to_cart,P043,2023-01-20 12:02:00
E00373,C024,view,P013,2023-05-25 08:48:00
E00374,C005,add_to_cart,P028,2023-03-07 13:59:00
E00375,C058,view,P008,2023-02-03 13:55:00
E00376,C011,purchase,P035,2023-06-12 23:46:00
E00377,C007,remove_from_cart,P015,2023-05-12 05:38:00
E00378,C058,view,P042,2023-03-14 18:37:00
E00379,C096,view,P010,2023-05-04 19:53:00
E00380,C038,view,P018,2023-01-28 06:39:00
E00381,C092,checkout,P010,2023-02-12 09:43:00
E00382,C025,purchase,P005,2023-06-08 04:30:00
E00383,C050,view,P004,2023-05-07 10:11:00
E00384,C068,remove_from_cart,P011,2023-05-13 09:12:00
E00385,C089,add_to_cart,P020,2023-03-01 20:45:00
E00386,C010,remove_from_cart,P039,2023-04-19 12:59:00
E00387,C091,purchase,P048,2023-02-11 12:05:00
E00388,C013,add_to_cart,P037,2023-03-20 11:10:00
E00389,C016,checkout,P019,2023-05-16 17:31:00
E00390,C098,view,P029,2023-02-01 19:58:00
E00391,C017,purchase,P008,2023-01-19 14:46:00
E00392,C073,view,P030,2023-01-27 21:14:00
E00393,C078,view,P045,2023-03-15 05:12:00
E00394,C022,view,P020,2023-04-11 22:43:00
E00395,C085,add_to_cart,P045,2023-02-15 02:26:00
E00396,C046,view,P026,2023-05-14 14:44:00
E00397,C099,add_to_cart,P018,2023-03-25 08:29:00
E00398,C039,checkout,P033,2023-05-07 00:40:00
E00399,C047,view,P035,2023-04-21 11:56:00
E00400,C021,purchase,P032,2023-03-10 11:25:00
E00401,C007,view,P029,2023-03-17 04:15:00
E00402,C075,view,P006,2023-02-10 06:45:00
E00403,C089,purchase,P039,2023-03-07 06:20:00
E00404,C013,view,P003,2023-02-14 11:08:00
E00405,C085,add_to_cart,P028,2023-04-19 06:50:00
E00406,C050,view,P048,2023-06-12 02:58:00
E00407,C023,checkout,P021,2023-02-10 03:24:00
E00408,C022,add_to_cart,P039,2023-02-16 17:00:00
E00409,C097,add_to_cart,P017,2023-01-07 04:14:00
E00410,C019,view,P002,2023-01-21 15:25:00
E00411,C039,add_to_cart,P006,2023-01-07 14:16:00
E00412,C008,view,P015,2023-06-11 21:03:00
E00413,C072,view,P044,2023-03-05 11:16:00
E00414,C003,purchase,P037,2023-06-20 00:39:00
E00415,C099,view,P038,2023-03-08 00:41:00
E00416,C098,view,P002,2023-04-04 03:53:00
E00417,C021,add_to_cart,P049,2023-02-25 15:02:00
E00418,C091,view,P044,2023-04-24 00:08:00
E00419,C013,add_to_cart,P018,2023-05-30 23:31:00
E00420,C086,checkout,P037,2023-06-26 13:45:00
E00421,C054,checkout,P003,2023-05-16 01:49:00
E00422,C014,add_to_cart,P049,2023-01-29 00:52:00
E00423,C020,view,P049,2023-03-11 12:02:00
E00424,C095,view,P012,2023-01-09 09:27:00
E00425,C083,purchase,P031,2023-03-11 18:43:00
E00426,C004,add_to_cart,P034,2023-03-20 14:15:00
E00427,C099,view,P042,2023-02-21 00:05:00
E00428,C085,view,P029,2023-03-25 02:14:00
E00429,C021,view,P018,2023-02-14 17:49:00
E00430,C004,view,P012,2023-04-28 06:36:00
E00431,C020,view,P038,2023-06-16 19:18:00
E00432,C004,add_to_cart,P028,2023-02-18 00:02:00
E00433,C088,view,P041,2023-04-18 03:37:00
E00434,C055,add_to_cart,P032,2023-01-26 12:07:00
E00435,C024,add_to_cart,P006,2023-06-21 01:53:00
E00436,C019,view,P031,2023-04-21 23:23:00
E00437,C019,view,P023,2023-04-06 04:29:00
E00438,C083,view,P027,2023-01-30 05:32:00
E00439,C076,remove_from_cart,P022,2023-04-28 07:33:00
E00440,C031,checkout,P021,2023-04-09 03:30:00
E00441,C048,view,P043,2023-01-04 19:09:00
E00442,C055,add_to_cart,P007,2023-02-22 22:56:00
E00443,C018,view,P011,2023-05-06 22:40:00
E00444,C092,add_to_cart,P022,2023-06-18 11:54:00
E00445,C057,purchase,P027,2023-05-24 11:56:00
E00446,C033,view,P045,2023-01-24 15:31:00
E00447,C020,remove_from_cart,P032,2023-05-30 07:22:00
E00448,C015,view,P019,2023-02-28 08:45:00
E00449,C075,add_to_cart,P043,2023-06-18 05:45:00
E00450,C016,view,P026,2023-06-26 16:51:00
E00451,C061,purchase,P049,2023-02-02 12:50:00
E00452,C077,add_to_cart,P036,2023-06-16 06:53:00
E00453,C070,add_to_cart,P003,2023-02-28 05:00:00
E00454,C051,purchase,P030,2023-02-27 21:29:00
E00455,C035,view,P006,2023-05-28 21:38:00
E00456,C069,checkout,P021,2023-01-16 13:56:00
E00457,C084,checkout,P017,2023-06-20 00:09:00
E00458,C064,view,P021,2023-06-20 08:37:00
E00459,C090,view,P008,2023-04-12 11:50:00
E00460,C039,view,P050,2023-03-07 20:48:00
E00461,C024,add_to_cart,P026,2023-01-30 17:41:00
E00462,C041,view,P033,2023-06-19 02:35:00
E00463,C060,view,P001,2023-02-16 15:15:00
E00464,C024,view,P043,2023-04-18 04:04:00
E00465,C030,view,P035,2023-04-28 01:13:00
E00466,C030,view,P030,2023-03-13 17:42:00
E00467,C035,view,P027,2023-02-21 09:17:00
E00468,C010,view,P004,2023-06-28 14:45:00
E00469,C095,view,P013,2023-04-24 22:04:00
E00470,C070,view,P034,2023-03-08 16:44:00
E00471,C100,view,P024,2023-04-03 20:35:00
E00472,C082,purchase,P040,2023-03-14 03:04:00
E00473,C021,add_to_cart,P049,2023-03-13 01:04:00
E00474,C091,view,P032,2023-06-08 07:26:00
E00475,C015,view,P041,2023-04-07 12:39:00
E00476,C075,purchase,P029,2023-05-25 19:26:00
E00477,C048,purchase,P049,2023-02-05 03:21:00
E00478,C026,view,P004,2023-03-19 10:07:00
E00479,C014,add_to_cart,P014,2023-04-15 00:57:00
E00480,C021,view,P018,2023-06-23 05:10:00
E00481,C090,view,P036,2023-01-19 16:48:00
E00482,C019,view,P009,2023-02-13 06:12:00
E00483,C012,view,P019,2023-03-04 20:56:00
E00484,C033,view,P029,2023-04-18 20:51:00
E00485,C071,add_to_cart,P045,2023-01-02 14:56:00
E00486,C081,purchase,P032,2023-06-09 16:28:00
E00487,C098,view,P008,2023-01-13 19:54:00
E00488,C041,remove_from_cart,P002,2023-02-01 09:52:00
E00489,C017,add_to_cart,P041,2023-02-05 04:29:00
E00490,C070,checkout,P039,2023-05-05 07:37:00
E00491,C085,view,P016,2023-01-10 23:17:00
E00492,C057,add_to_cart,P046,2023-02-15 13:53:00
E00493,C016,view,P011,2023-04-10 23:56:00
E00494,C039,add_to_cart,P020,2023-02-21 10:31:00
E00495,C040,view,P036,2023-02-18 18:02:00
E00496,C010,purchase,P001,2023-05-13 10:26:00
E00497,C063,view,P036,2023-06-16 10:07:00
E00498,C007,checkout,P027,2023-05-24 00:57:00
E00499,C068,remove_from_cart,P006,2023-04-23 12:05:00
E00500,C015,view,P015,2023-03-08 23:48:00
E00501,C079,checkout,P008,2023-04-12 09:31:00
E00502,C014,view,P030,2023-01-20 04:24:00
E00503,C040,purchase,P008,2023-04-29 18:33:00
E00504,C063,add_to_cart,P042,2023-04-17 11:35:00
E00505,C003,purchase,P010,2023-01-17 10:08:00
E00506,C042,view,P032,2023-01-15 18:13:00
E00507,C039,add_to_cart,P046,2023-03-03 13:44:00
E00508,C050,view,P019,2023-04-06 18:44:00
E00509,C051,view,P033,2023-02-19 23:07:00
E00510,C074,view,P046,2023-05-07 22:19:00
E00511,C092,remove_from_cart,P018,2023-02-10 03:48:00
E00512,C085,view,P027,2023-04-16 20:56:00
E00513,C047,view,P031,2023-05-19 02:53:00
E00514,C082,view,P031,2023-04-22 06:11:00
E00515,C070,remove_from_cart,P016,2023-05-30 20:54:00
E00516,C080,checkout,P030,2023-02-15 16:34:00
E00517,C027,view,P036,2023-01-03 20:55:00
E00518,C033,add_to_cart,P010,2023-06-24 05:10:00
E00519,C008,checkout,P025,2023-06-19 03:39:00
E00520,C048,view,P013,2023-02-17 02:43:00
E00521,C094,add_to_cart,P039,2023-03-28 13:41:00
E00522,C019,checkout,P033,2023-02-13 17:47:00
E00523,C011,add_to_cart,P048,2023-03-15 06:07:00
E00524,C001,view,P009,2023-05-01 19:02:00
E00525,C021,add_to_cart,P005,2023-02-09 05:21:00
E00526,C004,purchase,P018,2023-05-18 14:17:00
E00527,C095,add_to_cart,P050,2023-01-14 22:55:00
E00528,C027,add_to_cart,P027,2023-02-08 11:46:00
E00529,C097,view,P022,2023-03-05 22:11:00
E00530,C034,view,P033,2023-06-28 11:41:00
E00531,C005,purchase,P018,2023-05-25 16:27:00
E00532,C093,view,P001,2023-06-17 10:45:00
E00533,C050,view,P019,2023-02-26 19:55:00
E00534,C011,purchase,P047,2023-06-18 18:51:00
E00535,C073,view,P020,2023-02-02 03:45:00
E00536,C086,checkout,P038,2023-01-09 20:43:00
E00537,C030,view,P038,2023-04-27 02:28:00
E00538,C028,checkout,P043,2023-06-03 17:33:00
E00539,C033,view,P032,2023-01-13 13:39:00
E00540,C034,view,P010,2023-04-11 05:02:00
E00541,C082,add_to_cart,P029,2023-03-15 04:40:00
E00542,C023,add_to_cart,P035,2023-02-26 15:17:00
E00543,C017,checkout,P031,2023-04-14 13:30:00
E00544,C094,purchase,P023,2023-05-23 20:50:00
E00545,C033,view,P022,2023-03-31 18:55:00
E00546,C034,view,P036,2023-05-23 20:55:00
E00547,C028,add_to_cart,P049,2023-02-22 22:29:00
E00548,C073,add_to_cart,P035,2023-05-10 10:08:00
E00549,C072,view,P025,2023-06-04 01:03:00
E00550,C063,view,P030,2023-06-09 14:17:00
E00551,C025,view,P021,2023-03-20 07:42:00
E00552,C063,view,P013,2023-04-08 15:20:00
E00553,C053,add_to_cart,P045,2023-02-03 21:01:00
E00554,C100,checkout,P016,2023-02-07 08:38:00
E00555,C009,remove_from_cart,P037,2023-01-21 11:56:00
E00556,C079,view,P025,2023-03-29 23:28:00
E00557,C006,add_to_cart,P015,2023-02-17 05:10:00
E00558,C059,view,P050,2023-04-12 14:15:00
E00559,C046,view,P027,2023-01-02 20:19:00
E00560,C072,view,P003,2023-05-04 11:30:00
E00561,C030,checkout,P021,2023-01-16 06:50:00
E00562,C084,view,P048,2023-06-20 23:03:00
E00563,C088,view,P031,2023-06-19 16:05:00
E00564,C087,view,P046,2023-05-20 08:56:00
E00565,C083,purchase,P025,2023-05-30 22:58:00
E00566,C042,add_to_cart,P025,2023-05-13 11:07:00
E00567,C084,purchase,P043,2023-01-20 16:45:00
E00568,C063,add_to_cart,P042,2023-01-10 16:27:00
E00569,C019,checkout,P010,2023-04-05 03:25:00
E00570,C038,view,P032,2023-05-08 01:07:00
E00571,C040,view,P003,2023-05-06 08:08:00
E00572,C064,add_to_cart,P009,2023-02-14 15:47:00
E00573,C089,checkout,P033,2023-03-07 23:48:00
E00574,C099,view,P038,2023-03-06 05:33:00
E00575,C094,add_to_cart,P022,2023-04-24 18:34:00
E00576,C068,checkout,P007,2023-01-11 07:29:00
E00577,C086,checkout,P029,2023-03-23 20:46:00
E00578,C055,add_to_cart,P007,2023-02-21 22:53:00
E00579,C048,view,P034,2023-05-09 17:38:00
E00580,C011,purchase,P030,2023-05-12 22:41:00
E00581,C085,add_to_cart,P001,2023-05-07 02:12:00
E00582,C048,checkout,P047,2023-05-01 20:18:00
E00583,C044,view,P010,2023-05-18 22:52:00
E00584,C073,purchase,P027,2023-02-02 05:23:00
E00585,C035,checkout,P042,2023-02-04 15:19:00
E00586,C096,add_to_cart,P010,2023-06-03 02:20:00
E00587,C087,view,P005,2023-06-05 06:03:00
E00588,C054,view,P031,2023-02-14 11:26:00
E00589,C015,add_to_cart,P017,2023-01-19 12:09:00
E00590,C052,view,P022,2023-04-12 03:19:00
E00591,C021,add_to_cart,P040,2023-03-08 16:19:00
E00592,C029,add_to_cart,P045,2023-04-14 16:22:00
E00593,C071,view,P026,2023-06-09 19:47:00
E00594,C022,remove_from_cart,P042,2023-01-07 02:10:00
E00595,C086,view,P006,2023-03-11 15:51:00
E00596,C034,view,P022,2023-02-13 15:04:00
E00597,C001,view,P044,2023-05-31 16:37:00
E00598,C006,checkout,P035,2023-06-06 05:37:00
E00599,C017,view,P025,2023-01-21 02:13:00
E00600,C090,purchase,P021,2023-03-19 20:02:00
E00601,C065,view,P041,2023-01-30 14:04:00
E00602,C099,view,P046,2023-01-04 18:10:00
E00603,C048,view,P049,2023-03-08 16:55:00
E00604,C049,add_to_cart,P032,2023-02-07 16:05:00
E00605,C049,view,P035,2023-02-10 15:57:00
E00606,C008,view,P003,2023-06-12 18:03:00
E00607,C097,view,P040,2023-04-13 15:16:00
E00608,C049,view,P005,2023-01-22 18:17:00
E00609,C054,purchase,P016,2023-05-07 09:44:00
E00610,C088,view,P041,2023-01-04 05:28:00
E00611,C017,view,P044,2023-01-25 17:54:00
E00612,C059,add_to_cart,P019,2023-02-17 16:08:00
E00613,C039,view,P015,2023-05-28 00:42:00
E00614,C019,view,P048,2023-05-13 08:30:00
E00615,C046,view,P006,2023-05-02 17:11:00
E00616,C019,view,P028,2023-02-24 08:39:00
E00617,C061,add_to_cart,P007,2023-06-17 07:07:00
E00618,C061,view,P049,2023-06-28 16:44:00
E00619,C090,purchase,P041,2023-04-04 07:53:00
E00620,C069,view,P046,2023-05-26 15:54:00
E00621,C046,view,P007,2023-04-26 21:32:00
E00622,C047,view,P029,2023-04-17 10:22:00
E00623,C084,add_to_cart,P011,2023-05-20 08:01:00
E00624,C068,view,P045,2023-06-28 05:18:00
E00625,C036,view,P020,2023-06-09 00:50:00
E00626,C028,add_to_cart,P002,2023-06-07 05:36:00
E00627,C097,view,P003,2023-04-18 21:38:00
E00628,C015,add_to_cart,P021,2023-02-19 14:25:00
E00629,C063,add_to_cart,P004,2023-03-21 18:49:00
E00630,C066,checkout,P019,2023-06-27 17:48:00
E00631,C010,add_to_cart,P023,2023-02-18 17:54:00
E00632,C073,add_to_cart,P024,2023-05-04 09:31:00
E00633,C003,add_to_cart,P028,2023-02-11 16:58:00
E00634,C002,add_to_cart,P010,2023-04-25 01:06:00
E00635,C016,purchase,P016,2023-01-16 19:45:00
E00636,C081,add_to_cart,P034,2023-03-07 14:35:00
E00637,C035,view,P027,2023-05-05 15:50:00
E00638,C045,view,P037,2023-04-28 13:56:00
E00639,C085,checkout,P044,2023-05-24 00:30:00
E00640,C095,view,P012,2023-02-05 03:03:00
E00641,C038,checkout,P011,2023-05-27 01:57:00
E00642,C018,view,P012,2023-04-27 05:00:00
E00643,C073,view,P006,2023-05-14 10:01:00
E00644,C030,view,P040,2023-05-01 18:41:00
E00645,C032,checkout,P025,2023-02-24 20:43:00
E00646,C044,purchase,P040,2023-02-17 16:30:00
E00647,C023,view,P044,2023-05-16 11:59:00
E00648,C032,view,P016,2023-02-16 07:17:00
E00649,C100,view,P032,2023-06-16 07:51:00
E00650,C039,add_to_cart,P038,2023-04-30 05:15:00
E00651,C037,add_to_cart,P010,2023-04-29 08:04:00
E00652,C056,remove_from_cart,P015,2023-05-30 17:18:00
E00653,C020,view,P030,2023-03-23 22:01:00
E00654,C060,view,P041,2023-06-21 16:02:00
E00655,C043,view,P017,2023-04-10 04:10:00
E00656,C011,view,P030,2023-06-21 22:29:00
E00657,C064,add_to_cart,P017,2023-04-02 16:01:00
E00658,C048,view,P043,2023-06-28 15:07:00
E00659,C065,view,P001,2023-01-04 23:44:00
E00660,C050,view,P030,2023-01-30 09:59:00
E00661,C088,add_to_cart,P019,2023-03-25 23:06:00
E00662,C045,view,P044,2023-06-15 19:06:00
E00663,C046,view,P035,2023-05-22 02:39:00
E00664,C091,view,P011,2023-04-20 08:49:00
E00665,C006,remove_from_cart,P005,2023-03-22 06:38:00
E00666,C030,view,P029,2023-04-03 12:41:00
E00667,C037,purchase,P023,2023-01-06 13:56:00
E00668,C035,checkout,P038,2023-04-23 03:15:00
E00669,C018,checkout,P020,2023-01-14 01:20:00
E00670,C029,view,P041,2023-02-14 09:18:00
E00671,C017,view,P028,2023-06-14 06:07:00
E00672,C022,add_to_cart,P045,2023-04-04 06:28:00
E00673,C049,add_to_cart,P017,2023-01-06 22:36:00
E00674,C086,view,P030,2023-05-24 21:10:00
E00675,C051,view,P020,2023-04-08 16:01:00
E00676,C032,add_to_cart,P013,2023-05-20 21:45:00
E00677,C085,view,P025,2023-05-15 09:15:00
E00678,C021,purchase,P031,2023-04-02 06:30:00
E00679,C068,view,P007,2023-03-11 09:31:00
E00680,C063,view,P016,2023-02-08 17:38:00
E00681,C013,add_to_cart,P025,2023-01-19 14:02:00
E00682,C100,view,P037,2023-02-08 14:08:00
E00683,C099,checkout,P023,2023-06-10 18:47:00
E00684,C086,add_to_cart,P037,2023-06-14 02:01:00
E00685,C019,view,P019,2023-06-20 13:08:00
E00686,C008,view,P045,2023-03-05 00:48:00
E00687,C036,purchase,P019,2023-05-24 15:26:00
E00688,C064,add_to_cart,P002,2023-04-19 06:34:00
E00689,C054,add_to_cart,P043,2023-04-15 15:07:00
E00690,C021,add_to_cart,P026,2023-01-19 02:46:00
E00691,C092,view,P018,2023-04-02 20:39:00
E00692,C020,view,P001,2023-04-22 15:21:00
E00693,C012,purchase,P037,2023-02-16 02:58:00
E00694,C019,add_to_cart,P044,2023-05-13 16:43:00
E00695,C052,checkout,P050,2023-05-22 12:14:00
E00696,C055,view,P048,2023-02-20 13:25:00
E00697,C075,view,P004,2023-02-24 21:43:00
E00698,C023,view,P039,2023-05-15 04:26:00
E00699,C064,view,P048,2023-01-26 09:53:00
E00700,C081,checkout,P032,2023-03-20 21:33:00
E00701,C091,view,P019,2023-01-13 17:54:00
E00702,C047,remove_from_cart,P050,2023-05-08 02:43:00
E00703,C007,purchase,P015,2023-04-15 13:35:00
E00704,C073,view,P039,2023-06-14 05:00:00
E00705,C081,add_to_cart,P023,2023-04-12 11:44:00
E00706,C096,view,P015,2023-01-29 03:10:00
E00707,C038,view,P041,2023-03-26 11:48:00
E00708,C013,purchase,P013,2023-05-07 08:28:00
E00709,C031,add_to_cart,P040,2023-03-11 01:21:00
E00710,C096,purchase,P017,2023-04-06 01:57:00
E00711,C043,checkout,P044,2023-01-14 10:17:00
E00712,C042,add_to_cart,P049,2023-01-01 04:36:00
E00713,C080,checkout,P047,2023-04-10 07:36:00
E00714,C024,add_to_cart,P050,2023-02-10 17:33:00
E00715,C057,remove_from_cart,P043,2023-01-20 07:30:00
E00716,C019,view,P044,2023-02-28 20:41:00
E00717,C071,view,P009,2023-04-10 22:58:00
E00718,C065,view,P041,2023-04-08 19:16:00
E00719,C001,view,P007,2023-05-31 20:28:00
E00720,C008,remove_from_cart,P041,2023-04-07 02:07:00
E00721,C073,remove_from_cart,P042,2023-04-16 00:03:00
E00722,C035,add_to_cart,P003,2023-05-08 08:39:00
E00723,C023,view,P020,2023-02-07 15:09:00
E00724,C078,view,P029,2023-01-06 23:25:00
E00725,C095,view,P003,2023-01-14 18:10:00
E00726,C072,view,P038,2023-01-23 21:15:00
E00727,C077,purchase,P024,2023-06-01 16:01:00
E00728,C045,purchase,P047,2023-06-12 22:18:00
E00729,C016,add_to_cart,P009,2023-02-19 12:32:00
E00730,C034,remove_from_cart,P006,2023-06-14 17:19:00
E00731,C060,view,P019,2023-03-22 16:25:00
E00732,C013,add_to_cart,P021,2023-06-07 19:10:00
E00733,C034,view,P048,2023-02-17 13:27:00
E00734,C087,purchase,P027,2023-02-06 21:17:00
E00735,C055,purchase,P012,2023-03-12 04:44:00
E00736,C053,checkout,P013,2023-04-01 05:36:00
E00737,C030,purchase,P009,2023-04-25 20:36:00
E00738,C019,view,P035,2023-06-03 02:32:00
E00739,C025,view,P024,2023-05-24 21:04:00
E00740,C055,add_to_cart,P034,2023-01-27 14:53:00
E00741,C074,add_to_cart,P033,2023-03-25 12:23:00
E00742,C054,view,P018,2023-01-01 02:39:00
E00743,C014,view,P011,2023-04-13 07:09:00
E00744,C053,checkout,P017,2023-02-02 00:21:00
E00745,C030,add_to_cart,P031,2023-06-10 03:24:00
E00746,C059,remove_from_cart,P019,2023-05-21 09:53:00
E00747,C012,view,P048,2023-04-10 12:29:00
E00748,C034,view,P022,2023-05-03 13:21:00
E00749,C075,view,P008,2023-05-05 20:00:00
E00750,C079,view,P030,2023-02-10 16:48:00
E00751,C093,view,P005,2023-05-19 17:35:00
E00752,C086,add_to_cart,P010,2023-01-20 10:30:00
E00753,C088,checkout,P049,2023-04-17 14:32:00
E00754,C006,view,P015,2023-06-26 23:20:00
E00755,C064,view,P044,2023-03-15 16:42:00
E00756,C065,view,P047,2023-05-09 02:16:00
E00757,C027,checkout,P044,2023-04-05 21:23:00
E00758,C100,purchase,P026,2023-06-04 04:02:00
E00759,C013,view,P036,2023-06-15 02:45:00
E00760,C056,purchase,P024,2023-06-17 09:40:00
E00761,C017,add_to_cart,P006,2023-04-29 04:41:00
E00762,C029,view,P026,2023-03-05 23:22:00
E00763,C089,add_to_cart,P001,2023-03-30 19:21:00
E00764,C047,view,P017,2023-04-10 11:32:00
E00765,C013,view,P035,2023-06-23 04:07:00
E00766,C011,purchase,P008,2023-03-19 02:22:00
E00767,C025,view,P030,2023-02-24 09:56:00
E00768,C084,remove_from_cart,P024,2023-05-15 20:27:00
E00769,C037,view,P044,2023-01-13 03:48:00
E00770,C048,view,P048,2023-04-19 19:11:00
E00771,C041,view,P044,2023-02-16 13:35:00
E00772,C018,add_to_cart,P017,2023-03-27 11:46:00
E00773,C071,remove_from_cart,P038,2023-01-02 13:37:00
E00774,C013,view,P025,2023-05-28 02:41:00
E00775,C016,view,P041,2023-02-06 09:09:00
E00776,C075,add_to_cart,P024,2023-01-25 03:33:00
E00777,C097,remove_from_cart,P007,2023-06-16 06:46:00
E00778,C045,view,P044,2023-03-01 15:36:00
E00779,C088,purchase,P015,2023-06-07 17:07:00
E00780,C018,add_to_cart,P031,2023-05-10 15:33:00
E00781,C044,view,P002,2023-02-03 01:11:00
E00782,C054,view,P040,2023-02-21 10:43:00
E00783,C021,view,P036,2023-05-27 15:30:00
E00784,C013,view,P021,2023-01-03 22:13:00
E00785,C054,add_to_cart,P040,2023-02-13 09:47:00
E00786,C047,checkout,P015,2023-05-15 01:49:00
E00787,C013,view,P042,2023-01-13 15:19:00
E00788,C002,view,P005,2023-04-29 15:31:00
E00789,C014,view,P041,2023-01-17 23:52:00
E00790,C003,view,P030,2023-06-10 17:20:00
E00791,C012,add_to_cart,P045,2023-04-18 17:59:00
E00792,C029,view,P020,2023-06-26 20:51:00
E00793,C060,view,P042,2023-05-03 04:16:00
E00794,C084,view,P027,2023-05-02 10:23:00
E00795,C047,view,P008,2023-05-25 18:35:00
E00796,C058,checkout,P009,2023-04-24 09:57:00
E00797,C053,view,P003,2023-02-05 16:14:00
E00798,C094,view,P003,2023-04-22 22:28:00
E00799,C006,view,P020,2023-01-22 03:11:00
E00800,C025,remove_from_cart,P032,2023-02-18 07:21:00
E00801,C007,view,P008,2023-04-15 23:25:00
E00802,C012,view,P007,2023-06-19 15:06:00
E00803,C100,add_to_cart,P016,2023-05-11 06:59:00
E00804,C051,view,P035,2023-01-04 01:46:00
E00805,C008,remove_from_cart,P009,2023-05-05 05:44:00
E00806,C072,view,P025,2023-05-15 10:34:00
E00807,C004,checkout,P030,2023-06-06 09:00:00
E00808,C029,view,P024,2023-01-22 14:51:00
E00809,C077,add_to_cart,P043,2023-06-13 21:10:00
E00810,C044,view,P048,2023-03-19 22:17:00
E00811,C009,view,P045,2023-04-20 08:55:00
E00812,C096,add_to_cart,P035,2023-06-28 17:14:00
E00813,C015,add_to_cart,P027,2023-02-04 07:49:00
E00814,C017,view,P038,2023-04-07 08:11:00
E00815,C071,view,P048,2023-04-24 19:05:00
E00816,C025,remove_from_cart,P047,2023-06-03 02:20:00
E00817,C083,view,P010,2023-03-24 06:12:00
E00818,C072,add_to_cart,P027,2023-05-09 16:46:00
E00819,C095,add_to_cart,P042,2023-02-21 12:58:00
E00820,C065,view,P007,2023-01-17 00:51:00
E00821,C088,add_to_cart,P032,2023-06-16 02:00:00
E00822,C047,view,P040,2023-06-23 23:41:00
E00823,C026,view,P027,2023-03-28 18:12:00
E00824,C084,add_to_cart,P018,2023-05-05 01:14:00
E00825,C054,view,P003,2023-04-20 19:17:00
E00826,C027,remove_from_cart,P045,2023-02-28 19:43:00
E00827,C061,purchase,P024,2023-03-31 06:37:00
E00828,C069,add_to_cart,P014,2023-01-31 23:25:00
E00829,C086,remove_from_cart,P029,2023-05-17 05:33:00
E00830,C074,view,P029,2023-05-02 18:06:00
E00831,C094,add_to_cart,P016,2023-01-27 16:05:00
E00832,C093,view,P024,2023-04-02 08:44:00
E00833,C033,view,P007,2023-05-22 00:42:00
E00834,C077,add_to_cart,P044,2023-02-07 13:50:00
E00835,C028,add_to_cart,P024,2023-01-20 16:08:00
E00836,C016,add_to_cart,P035,2023-01-18 22:51:00
E00837,C048,view,P042,2023-02-20 23:22:00
E00838,C090,add_to_cart,P023,2023-01-04 18:51:00
E00839,C011,view,P004,2023-02-14 06:41:00
E00840,C019,view,P026,2023-03-27 22:29:00
E00841,C082,purchase,P018,2023-05-12 17:39:00
E00842,C029,purchase,P013,2023-04-21 11:13:00
E00843,C017,purchase,P008,2023-04-19 06:12:00
E00844,C080,purchase,P030,2023-05-21 06:14:00
E00845,C008,view,P006,2023-04-07 17:11:00
E00846,C094,add_to_cart,P043,2023-03-19 03:26:00
E00847,C094,add_to_cart,P014,2023-04-16 23:34:00
E00848,C081,view,P042,2023-03-07 03:03:00
E00849,C086,checkout,P041,2023-04-21 06:03:00
E00850,C009,checkout,P039,2023-06-23 04:19:00
E00851,C092,purchase,P002,2023-04-27 13:29:00
E00852,C043,view,P004,2023-04-14 22:33:00
E00853,C066,add_to_cart,P022,2023-05-23 21:03:00
E00854,C091,view,P016,2023-02-26 06:50:00
E00855,C093,view,P009,2023-02-28 01:16:00
E00856,C045,view,P037,2023-01-17 12:56:00
E00857,C054,view,P014,2023-04-19 13:14:00
E00858,C034,purchase,P005,2023-05-31 12:15:00
E00859,C089,remove_from_cart,P049,2023-03-01 13:04:00
E00860,C067,view,P036,2023-06-09 17:24:00
E00861,C094,purchase,P014,2023-01-03 13:36:00
E00862,C091,view,P038,2023-04-01 07:44:00
E00863,C018,purchase,P014,2023-04-05 11:08:00
E00864,C084,add_to_cart,P015,2023-02-16 06:41:00
E00865,C068,checkout,P022,2023-02-13 21:52:00
E00866,C058,checkout,P050,2023-01-21 21:39:00
E00867,C087,add_to_cart,P010,2023-03-24 06:34:00
E00868,C041,view,P039,2023-01-25 02:01:00
E00869,C065,view,P001,2023-01-31 02:41:00
E00870,C041,purchase,P018,2023-02-24 12:52:00
E00871,C011,add_to_cart,P010,2023-02-04 14:12:00
E00872,C099,view,P009,2023-06-29 02:26:00
E00873,C019,view,P035,2023-05-27 15:02:00
E00874,C047,purchase,P017,2023-03-14 15:21:00
E00875,C040,view,P012,2023-05-20 16:45:00
E00876,C004,checkout,P008,2023-04-07 18:27:00
E00877,C015,add_to_cart,P043,2023-06-11 11:56:00
E00878,C093,view,P002,2023-05-01 10:23:00
E00879,C019,add_to_cart,P009,2023-04-11 15:41:00
E00880,C028,add_to_cart,P001,2023-04-16 13:46:00
E00881,C068,view,P023,2023-05-03 06:58:00
E00882,C037,view,P016,2023-03-05 13:02:00
E00883,C024,checkout,P038,2023-04-11 22:22:00
E00884,C061,add_to_cart,P021,2023-05-04 17:00:00
E00885,C024,view,P002,2023-03-01 00:35:00
E00886,C067,add_to_cart,P012,2023-04-20 19:28:00
E00887,C087,view,P017,2023-06-02 14:43:00
E00888,C023,purchase,P004,2023-04-28 05:18:00
E00889,C053,remove_from_cart,P009,2023-02-04 16:56:00
E00890,C060,add_to_cart,P048,2023-01-24 17:08:00
E00891,C057,purchase,P027,2023-06-02 10:46:00
E00892,C038,view,P034,2023-05-09 03:31:00
E00893,C003,checkout,P008,2023-03-04 19:33:00
E00894,C047,view,P048,2023-03-19 09:15:00
E00895,C038,add_to_cart,P005,2023-02-01 13:55:00
E00896,C041,checkout,P031,2023-03-06 22:46:00
E00897,C058,view,P029,2023-04-26 16:29:00
E00898,C025,view,P050,2023-02-15 10:58:00
E00899,C078,view,P024,2023-06-01 02:23:00
E00900,C047,checkout,P033,2023-06-17 11:50:00
E00901,C016,remove_from_cart,P038,2023-01-21 01:24:00
E00902,C054,add_to_cart,P007,2023-01-11 11:28:00
E00903,C016,view,P029,2023-01-07 22:54:00
E00904,C042,add_to_cart,P033,2023-03-13 10:02:00
E00905,C034,remove_from_cart,P015,2023-04-08 01:44:00
E00906,C081,purchase,P040,2023-01-09 12:57:00
E00907,C086,view,P003,2023-06-06 07:31:00
E00908,C048,view,P047,2023-01-23 20:40:00
E00909,C021,add_to_cart,P043,2023-04-03 23:12:00
E00910,C065,add_to_cart,P034,2023-04-03 20:02:00
E00911,C036,purchase,P020,2023-03-08 01:02:00
E00912,C088,view,P030,2023-03-01 13:34:00
E00913,C096,view,P042,2023-06-03 00:37:00
E00914,C001,view,P002,2023-01-10 12:09:00
E00915,C039,checkout,P004,2023-03-12 19:28:00
E00916,C034,checkout,P031,2023-05-30 15:56:00
E00917,C073,view,P026,2023-04-27 19:17:00
E00918,C084,purchase,P028,2023-04-03 02:10:00
E00919,C081,add_to_cart,P044,2023-01-18 19:55:00
E00920,C047,view,P007,2023-06-12 06:23:00
E00921,C065,view,P032,2023-02-22 05:45:00
E00922,C015,add_to_cart,P046,2023-04-01 04:47:00
E00923,C068,view,P029,2023-05-20 23:14:00
E00924,C043,checkout,P005,2023-01-14 03:19:00
E00925,C078,add_to_cart,P006,2023-05-07 01:17:00
E00926,C034,view,P021,2023-05-27 09:39:00
E00927,C088,add_to_cart,P039,2023-05-31 15:14:00
E00928,C006,add_to_cart,P010,2023-06-14 22:08:00
E00929,C040,view,P005,2023-04-14 22:56:00
E00930,C069,add_to_cart,P009,2023-04-02 07:01:00
E00931,C013,purchase,P018,2023-06-14 22:21:00
E00932,C099,purchase,P040,2023-05-08 16:47:00
E00933,C043,checkout,P041,2023-05-20 02:59:00
E00934,C095,view,P038,2023-01-20 07:18:00
E00935,C002,checkout,P036,2023-04-14 00:18:00
E00936,C057,remove_from_cart,P046,2023-05-02 05:58:00
E00937,C078,add_to_cart,P021,2023-03-30 11:46:00
E00938,C016,purchase,P025,2023-01-08 22:42:00
E00939,C082,view,P039,2023-04-13 06:31:00
E00940,C097,add_to_cart,P034,2023-04-15 14:53:00
E00941,C053,view,P019,2023-06-08 18:34:00
E00942,C012,add_to_cart,P030,2023-01-14 13:52:00
E00943,C005,add_to_cart,P033,2023-05-22 09:17:00
E00944,C069,view,P039,2023-01-23 02:02:00
E00945,C033,view,P028,2023-03-24 09:19:00
E00946,C019,add_to_cart,P007,2023-03-27 05:46:00
E00947,C066,view,P045,2023-04-07 11:18:00
E00948,C068,purchase,P008,2023-02-02 01:23:00
E00949,C054,add_to_cart,P042,2023-05-03 11:02:00
E00950,C014,remove_from_cart,P042,2023-06-03 16:31:00
E00951,C054,add_to_cart,P050,2023-01-16 22:11:00
E00952,C029,view,P036,2023-05-28 01:34:00
E00953,C074,purchase,P047,2023-01-19 01:11:00
E00954,C090,view,P014,2023-06-09 10:17:00
E00955,C017,view,P028,2023-06-14 15:53:00
E00956,C069,purchase,P029,2023-02-13 03:20:00
E00957,C069,view,P015,2023-03-31 05:07:00
E00958,C041,view,P027,2023-06-01 22:40:00
E00959,C076,view,P022,2023-02-11 12:18:00
E00960,C010,add_to_cart,P030,2023-05-27 08:02:00
E00961,C080,add_to_cart,P026,2023-05-17 08:55:00
E00962,C074,add_to_cart,P027,2023-03-04 16:25:00
E00963,C043,add_to_cart,P047,2023-06-06 14:18:00
E00964,C029,purchase,P007,2023-04-17 16:19:00
E00965,C091,view,P021,2023-06-22 04:35:00
E00966,C019,add_to_cart,P028,2023-01-19 17:50:00
E00967,C066,view,P021,2023-04-15 09:05:00
E00968,C022,purchase,P043,2023-04-25 23:42:00
E00969,C027,add_to_cart,P017,2023-03-19 03:12:00
E00970,C096,add_to_cart,P024,2023-05-03 19:52:00
E00971,C059,view,P010,2023-02-05 21:47:00
E00972,C002,checkout,P044,2023-02-21 22:56:00
E00973,C083,view,P031,2023-05-10 14:33:00
E00974,C053,purchase,P005,2023-03-13 13:41:00
E00975,C051,checkout,P006,2023-06-19 20:42:00
E00976,C022,add_to_cart,P006,2023-02-28 14:21:00
E00977,C025,view,P006,2023-05-15 17:04:00
E00978,C045,add_to_cart,P028,2023-05-29 11:28:00
E00979,C009,view,P007,2023-01-02 08:00:00
E00980,C010,view,P048,2023-02-26 08:12:00
E00981,C046,view,P048,2023-04-18 22:23:00
E00982,C006,purchase,P024,2023-03-17 20:00:00
E00983,C074,view,P009,2023-05-30 08:53:00
E00984,C050,view,P036,2023-04-07 08:26:00
E00985,C085,purchase,P004,2023-06-06 16:46:00
E00986,C015,checkout,P038,2023-04-03 16:58:00
E00987,C073,view,P036,2023-05-19 14:10:00
E00988,C092,add_to_cart,P036,2023-06-10 23:20:00
E00989,C041,view,P022,2023-01-08 06:11:00
E00990,C040,add_to_cart,P043,2023-01-31 09:24:00
E00991,C023,view,P008,2023-03-08 10:27:00
E00992,C047,view,P027,2023-02-11 18:08:00
E00993,C069,view,P023,2023-04-16 19:13:00
E00994,C040,view,P043,2023-03-25 03:29:00
E00995,C067,view,P049,2023-05-29 17:36:00
E00996,C075,add_to_cart,P028,2023-01-24 21:17:00
E00997,C048,view,P047,2023-02-16 10:57:00
E00998,C038,view,P004,2023-04-05 16:35:00
E00999,C059,view,P019,2023-03-20 13:43:00
E01000,C046,view,P039,2023-01-01 14:29:00
E01001,C065,view,P020,2023-05-29 07:54:00
E01002,C008,view,P023,2023-02-27 05:29:00
E01003,C081,purchase,P007,2023-04-22 04:53:00
E01004,C089,view,P037,2023-03-01 16:27:00
E01005,C028,purchase,P033,2023-03-06 09:08:00
E01006,C009,view,P014,2023-03-01 03:38:00
E01007,C085,view,P010,2023-01-14 21:45:00
E01008,C060,checkout,P043,2023-05-06 15:03:00
E01009,C036,add_to_cart,P031,2023-04-28 18:18:00
E01010,C037,remove_from_cart,P015,2023-02-20 20:33:00
E01011,C098,add_to_cart,P007,2023-01-08 11:11:00
E01012,C011,add_to_cart,P023,2023-05-26 22:04:00
E01013,C004,add_to_cart,P036,2023-04-30 13:26:00
E01014,C061,view,P024,2023-06-05 01:59:00
E01015,C068,view,P008,2023-04-07 02:08:00
E01016,C055,add_to_cart,P049,2023-02-23 06:29:00
E01017,C001,purchase,P018,2023-01-10 11:32:00
E01018,C029,view,P037,2023-04-26 16:41:00
E01019,C092,add_to_cart,P015,2023-04-23 16:06:00
E01020,C067,checkout,P028,2023-02-13 18:59:00
E01021,C083,view,P036,2023-01-09 13:56:00
E01022,C001,view,P050,2023-02-23 15:23:00
E01023,C027,add_to_cart,P040,2023-04-04 12:38:00
E01024,C025,view,P040,2023-03-29 16:30:00
E01025,C052,checkout,P044,2023-06-07 16:12:00
E01026,C055,view,P042,2023-06-26 17:58:00
E01027,C096,remove_from_cart,P036,2023-02-13 02:21:00
E01028,C049,add_to_cart,P002,2023-02-28 20:54:00
E01029,C080,checkout,P039,2023-03-28 04:36:00
E01030,C061,view,P043,2023-03-20 22:10:00
E01031,C035,view,P045,2023-06-11 00:08:00
E01032,C005,add_to_cart,P018,2023-02-22 22:40:00
E01033,C076,checkout,P002,2023-01-12 08:02:00
E01034,C030,view,P012,2023-02-06 01:25:00
E01035,C073,view,P018,2023-01-02 04:20:00
E01036,C087,view,P045,2023-05-02 23:41:00
E01037,C023,view,P049,2023-03-18 06:14:00
E01038,C085,add_to_cart,P020,2023-04-30 21:57:00
E01039,C018,view,P022,2023-05-26 14:13:00
E01040,C033,view,P023,2023-02-18 19:09:00
E01041,C032,checkout,P001,2023-03-03 19:57:00
E01042,C010,add_to_cart,P012,2023-06-03 16:18:00
E01043,C036,view,P010,2023-05-04 04:25:00
E01044,C028,view,P037,2023-06-10 21:10:00
E01045,C047,view,P043,2023-02-04 05:38:00
E01046,C015,add_to_cart,P026,2023-02-08 03:35:00
E01047,C072,purchase,P005,2023-01-06 18:48:00
E01048,C047,remove_from_cart,P010,2023-01-26 05:20:00
E01049,C019,add_to_cart,P048,2023-06-25 01:18:00
E01050,C065,view,P041,2023-04-22 21:21:00
E01051,C013,checkout,P002,2023-01-31 12:17:00
E01052,C093,add_to_cart,P006,2023-04-24 22:04:00
E01053,C048,add_to_cart,P048,2023-02-18 22:23:00
E01054,C061,view,P034,2023-02-28 18:07:00
E01055,C088,add_to_cart,P014,2023-02-12 17:10:00
E01056,C013,view,P025,2023-05-14 21:36:00
E01057,C067,view,P027,2023-06-09 20:32:00
E01058,C053,remove_from_cart,P030,2023-01-26 06:53:00
E01059,C017,checkout,P022,2023-03-27 12:10:00
E01060,C003,add_to_cart,P011,2023-01-26 07:48:00
E01061,C032,add_to_cart,P024,2023-04-08 12:31:00
E01062,C025,add_to_cart,P020,2023-01-30 04:56:00
E01063,C056,checkout,P047,2023-04-25 03:04:00
E01064,C086,checkout,P021,2023-05-24 23:46:00
E01065,C051,view,P050,2023-03-08 06:30:00
E01066,C078,add_to_cart,P037,2023-05-06 14:42:00
E01067,C066,view,P039,2023-04-01 20:30:00
E01068,C003,view,P006,2023-01-31 12:29:00
E01069,C030,add_to_cart,P004,2023-01-17 02:25:00
E01070,C051,view,P010,2023-01-29 13:53:00
E01071,C096,view,P011,2023-02-05 21:57:00
E01072,C076,view,P049,2023-04-28 22:31:00
E01073,C036,checkout,P040,2023-06-07 22:43:00
E01074,C057,purchase,P004,2023-04-27 16:17:00
E01075,C066,add_to_cart,P044,2023-03-04 13:41:00
E01076,C079,view,P006,2023-05-03 11:08:00
E01077,C093,view,P018,2023-06-20 16:02:00
E01078,C054,add_to_cart,P029,2023-02-01 07:35:00
E01079,C059,add_to_cart,P043,2023-03-30 14:59:00
E01080,C060,add_to_cart,P028,2023-06-05 19:37:00
E01081,C095,add_to_cart,P032,2023-01-06 13:46:00
E01082,C030,view,P039,2023-01-07 10:37:00
E01083,C049,view,P029,2023-04-02 11:42:00
E01084,C098,remove_from_cart,P027,2023-02-24 13:02:00
E01085,C048,view,P018,2023-04-17 01:11:00
E01086,C073,add_to_cart,P014,2023-04-26 02:12:00
E01087,C045,view,P049,2023-05-12 21:19:00
E01088,C058,remove_from_cart,P033,2023-05-02 20:18:00
E01089,C083,add_to_cart,P008,2023-01-14 21:16:00
E01090,C059,view,P023,2023-03-28 05:28:00
E01091,C092,view,P028,2023-05-25 15:53:00
E01092,C017,view,P008,2023-01-13 01:34:00
E01093,C003,view,P019,2023-02-01 21:13:00
E01094,C036,checkout,P044,2023-03-02 23:16:00
E01095,C086,remove_from_cart,P044,2023-02-28 21:31:00
E01096,C042,view,P038,2023-01-28 04:58:00
E01097,C054,view,P032,2023-01-12 19:19:00
E01098,C059,view,P034,2023-04-29 22:04:00
E01099,C059,checkout,P043,2023-05-25 03:41:00
E01100,C076,add_to_cart,P020,2023-03-19 01:46:00
E01101,C079,add_to_cart,P003,2023-02-06 18:33:00
E01102,C002,view,P015,2023-02-04 09:22:00
E01103,C090,view,P026,2023-01-06 04:45:00
E01104,C096,view,P039,2023-03-20 06:21:00
E01105,C038,add_to_cart,P004,2023-05-09 03:14:00
E01106,C038,add_to_cart,P001,2023-01-16 16:28:00
E01107,C001,add_to_cart,P014,2023-06-02 03:43:00
E01108,C028,view,P020,2023-02-15 05:33:00
E01109,C013,add_to_cart,P014,2023-04-21 03:18:00
E01110,C022,view,P050,2023-06-20 06:12:00
E01111,C079,checkout,P009,2023-04-18 17:03:00
E01112,C023,purchase,P049,2023-03-20 04:39:00
E01113,C084,remove_from_cart,P017,2023-04-17 21:39:00
E01114,C076,view,P019,2023-01-21 04:23:00
E01115,C001,view,P021,2023-03-23 10:29:00
E01116,C070,view,P008,2023-04-19 12:15:00
E01117,C035,checkout,P001,2023-04-15 09:31:00
E01118,C046,add_to_cart,P032,2023-03-29 09:09:00
E01119,C089,checkout,P048,2023-06-19 00:26:00
E01120,C029,view,P028,2023-03-13 03:56:00
E01121,C018,checkout,P012,2023-05-19 04:26:00
E01122,C097,add_to_cart,P009,2023-06-17 15:27:00
E01123,C038,view,P025,2023-06-05 22:11:00
E01124,C012,view,P035,2023-02-14 15:26:00
E01125,C091,checkout,P046,2023-06-05 08:09:00
E01126,C067,purchase,P015,2023-05-04 11:46:00
E01127,C095,view,P033,2023-06-25 02:36:00
E01128,C013,view,P036,2023-03-19 12:03:00
E01129,C075,view,P043,2023-05-20 17:22:00
E01130,C054,add_to_cart,P023,2023-04-11 23:26:00
E01131,C048,view,P005,2023-06-19 15:49:00
E01132,C038,view,P026,2023-04-25 09:59:00
E01133,C049,remove_from_cart,P048,2023-06-24 20:47:00
E01134,C055,checkout,P003,2023-02-27 18:18:00
E01135,C058,add_to_cart,P028,2023-05-04 03:59:00
E01136,C069,checkout,P002,2023-03-08 22:33:00
E01137,C083,add_to_cart,P030,2023-02-22 07:24:00
E01138,C029,remove_from_cart,P005,2023-04-09 14:34:00
E01139,C066,add_to_cart,P021,2023-01-28 16:10:00
E01140,C025,view,P037,2023-05-30 11:30:00
E01141,C087,purchase,P028,2023-01-04 23:41:00
E01142,C098,view,P037,2023-03-27 02:44:00
E01143,C063,view,P026,2023-03-18 11:30:00
E01144,C021,purchase,P046,2023-04-11 21:23:00
E01145,C042,add_to_cart,P041,2023-02-25 09:28:00
E01146,C014,view,P027,2023-06-06 08:42:00
E01147,C061,add_to_cart,P019,2023-05-04 09:58:00
E01148,C054,view,P008,2023-05-05 01:26:00
E01149,C075,view,P026,2023-06-11 20:52:00
E01150,C087,add_to_cart,P002,2023-06-08 22:22:00
E01151,C089,add_to_cart,P021,2023-02-28 15:05:00
E01152,C022,view,P011,2023-02-14 20:15:00
E01153,C071,add_to_cart,P040,2023-04-14 13:34:00
E01154,C076,view,P030,2023-02-12 11:29:00
E01155,C047,view,P045,2023-02-11 13:01:00
E01156,C014,view,P024,2023-04-05 04:01:00
E01157,C033,add_to_cart,P006,2023-06-12 20:58:00
E01158,C079,checkout,P028,2023-02-16 07:17:00
E01159,C020,purchase,P007,2023-05-19 09:38:00
E01160,C028,view,P016,2023-04-05 15:25:00
E01161,C013,view,P028,2023-04-19 15:32:00
E01162,C049,view,P038,2023-05-08 20:19:00
E01163,C054,add_to_cart,P026,2023-01-18 00:39:00
E01164,C040,add_to_cart,P034,2023-01-11 09:55:00
E01165,C008,view,P006,2023-03-03 20:09:00
E01166,C030,purchase,P026,2023-05-07 19:31:00
E01167,C055,checkout,P020,2023-05-26 15:25:00
E01168,C007,add_to_cart,P048,2023-06-04 06:18:00
E01169,C056,view,P022,2023-03-15 09:26:00
E01170,C088,checkout,P015,2023-04-22 16:40:00
E01171,C035,view,P022,2023-05-01 17:40:00
E01172,C081,add_to_cart,P050,2023-06-13 23:50:00
E01173,C057,view,P011,2023-04-20 22:22:00
E01174,C094,view,P005,2023-04-12 05:47:00
E01175,C053,purchase,P033,2023-02-24 16:48:00
E01176,C017,checkout,P041,2023-04-24 07:25:00
E01177,C029,view,P008,2023-04-25 20:26:00
E01178,C098,view,P034,2023-04-26 10:51:00
E01179,C058,view,P033,2023-06-05 05:07:00
E01180,C050,view,P013,2023-03-19 10:17:00
E01181,C032,view,P050,2023-06-25 06:28:00
E01182,C084,purchase,P023,2023-02-15 05:49:00
E01183,C040,view,P023,2023-04-27 18:51:00
E01184,C056,view,P047,2023-06-24 20:26:00
E01185,C064,view,P042,2023-03-10 20:45:00
E01186,C056,view,P010,2023-06-12 03:50:00
E01187,C028,view,P016,2023-05-12 06:52:00
E01188,C013,view,P007,2023-06-22 03:48:00
E01189,C026,checkout,P010,2023-01-31 17:34:00
E01190,C082,view,P017,2023-04-15 02:06:00
E01191,C088,view,P013,2023-04-13 00:22:00
E01192,C022,view,P012,2023-06-03 03:34:00
E01193,C011,add_to_cart,P039,2023-04-09 04:47:00
E01194,C062,view,P010,2023-02-01 15:01:00
E01195,C010,add_to_cart,P049,2023-04-17 19:57:00
E01196,C024,add_to_cart,P049,2023-03-01 02:23:00
E01197,C060,view,P042,2023-06-22 21:36:00
E01198,C065,view,P005,2023-01-18 18:06:00
E01199,C057,add_to_cart,P012,2023-06-25 01:24:00
E01200,C056,view,P050,2023-06-05 13:41:00
E01201,C013,view,P041,2023-06-21 00:49:00
E01202,C076,remove_from_cart,P032,2023-03-02 17:18:00
E01203,C015,view,P030,2023-02-10 21:10:00
E01204,C039,add_to_cart,P049,2023-03-12 10:07:00
E01205,C009,purchase,P037,2023-02-14 22:49:00
E01206,C091,add_to_cart,P049,2023-05-06 17:48:00
E01207,C080,add_to_cart,P038,2023-01-26 11:23:00
E01208,C044,add_to_cart,P029,2023-01-05 13:47:00
E01209,C071,view,P044,2023-04-16 06:39:00
E01210,C018,view,P037,2023-05-13 02:46:00
E01211,C068,view,P042,2023-06-19 09:35:00
E01212,C062,purchase,P041,2023-06-05 15:08:00
E01213,C081,checkout,P040,2023-02-19 08:05:00
E01214,C083,add_to_cart,P021,2023-02-25 14:19:00
E01215,C090,checkout,P041,2023-01-15 10:29:00
E01216,C004,purchase,P021,2023-02-02 01:11:00
E01217,C025,add_to_cart,P010,2023-06-22 22:18:00
E01218,C063,add_to_cart,P029,2023-03-27 11:39:00
E01219,C053,view,P005,2023-03-04 03:39:00
E01220,C003,view,P031,2023-03-23 13:53:00
E01221,C080,view,P029,2023-02-14 09:09:00
E01222,C072,add_to_cart,P041,2023-02-13 22:53:00
E01223,C057,remove_from_cart,P020,2023-06-04 16:31:00
E01224,C099,purchase,P018,2023-01-10 18:39:00
E01225,C059,view,P038,2023-04-08 06:50:00
E01226,C031,add_to_cart,P004,2023-01-09 09:40:00
E01227,C062,purchase,P023,2023-03-30 23:26:00
E01228,C041,view,P033,2023-06-12 15:16:00
E01229,C084,view,P005,2023-01-09 02:29:00
E01230,C004,view,P020,2023-01-08 13:18:00
E01231,C042,remove_from_cart,P030,2023-01-29 15:15:00
E01232,C077,view,P029,2023-05-30 23:31:00
E01233,C097,add_to_cart,P003,2023-05-07 13:00:00
E01234,C017,view,P004,2023-03-14 01:11:00
E01235,C091,view,P024,2023-02-23 19:25:00
E01236,C072,view,P019,2023-05-25 16:25:00
E01237,C059,add_to_cart,P005,2023-03-21 02:12:00
E01238,C028,remove_from_cart,P042,2023-02-06 10:55:00
E01239,C002,remove_from_cart,P006,2023-05-11 11:42:00
E01240,C017,add_to_cart,P040,2023-06-06 10:52:00
E01241,C096,view,P039,2023-06-08 00:45:00
E01242,C094,view,P033,2023-03-08 06:02:00
E01243,C085,remove_from_cart,P025,2023-05-07 07:11:00
E01244,C055,add_to_cart,P030,2023-06-18 20:34:00
E01245,C015,purchase,P038,2023-03-23 13:29:00
E01246,C095,view,P036,2023-05-02 03:43:00
E01247,C052,view,P048,2023-02-16 19:04:00
E01248,C052,purchase,P003,2023-04-15 12:48:00
E01249,C044,view,P029,2023-01-10 07:29:00
E01250,C080,view,P037,2023-06-10 13:02:00
E01251,C012,add_to_cart,P042,2023-03-03 19:57:00
E01252,C057,view,P013,2023-01-13 13:14:00
E01253,C062,add_to_cart,P021,2023-06-07 22:34:00
E01254,C042,view,P039,2023-04-22 00:42:00
E01255,C043,add_to_cart,P031,2023-03-22 16:32:00
E01256,C032,add_to_cart,P033,2023-05-24 10:28:00
E01257,C085,checkout,P010,2023-05-24 07:51:00
E01258,C006,view,P004,2023-06-18 05:57:00
E01259,C037,add_to_cart,P029,2023-03-04 22:10:00
E01260,C054,view,P007,2023-03-17 07:44:00
E01261,C099,view,P022,2023-04-18 06:15:00
E01262,C049,view,P046,2023-02-10 20:17:00
E01263,C063,view,P006,2023-01-30 01:10:00
E01264,C028,add_to_cart,P033,2023-01-07 09:41:00
E01265,C019,view,P042,2023-01-01 17:31:00
E01266,C066,add_to_cart,P012,2023-02-24 05:56:00
E01267,C068,view,P003,2023-03-26 00:48:00
E01268,C043,view,P016,2023-06-07 08:12:00
E01269,C052,add_to_cart,P046,2023-06-07 02:56:00
E01270,C100,add_to_cart,P029,2023-06-21 17:17:00
E01271,C083,view,P029,2023-01-19 00:34:00
E01272,C056,view,P034,2023-01-04 11:12:00
E01273,C042,view,P034,2023-04-24 15:03:00
E01274,C097,purchase,P040,2023-01-10 04:55:00
E01275,C088,view,P011,2023-05-05 08:35:00
E01276,C038,view,P024,2023-02-12 18:16:00
E01277,C016,add_to_cart,P024,2023-01-03 07:58:00
E01278,C088,view,P019,2023-05-25 03:56:00
E01279,C025,purchase,P025,2023-01-04 22:58:00
E01280,C024,view,P027,2023-05-25 08:09:00
E01281,C073,remove_from_cart,P050,2023-03-10 05:19:00
E01282,C010,view,P022,2023-02-18 11:03:00
E01283,C005,view,P044,2023-01-14 16:58:00
E01284,C080,remove_from_cart,P039,2023-05-29 17:38:00
E01285,C076,checkout,P004,2023-01-23 10:19:00
E01286,C026,add_to_cart,P041,2023-06-09 06:14:00
E01287,C095,view,P042,2023-02-24 03:23:00
E01288,C087,view,P022,2023-03-28 12:31:00
E01289,C055,view,P005,2023-06-15 20:37:00
E01290,C089,add_to_cart,P022,2023-04-16 03:46:00
E01291,C021,view,P007,2023-02-19 08:48:00
E01292,C086,view,P036,2023-04-26 04:44:00
E01293,C097,view,P044,2023-03-14 08:28:00
E01294,C015,purchase,P025,2023-01-14 09:49:00
E01295,C052,add_to_cart,P019,2023-04-18 09:28:00
E01296,C021,add_to_cart,P017,2023-05-13 21:13:00
E01297,C005,view,P047,2023-03-08 00:42:00
E01298,C047,view,P043,2023-06-20 17:30:00
E01299,C018,view,P039,2023-04-11 01:38:00
E01300,C086,add_to_cart,P010,2023-05-11 23:27:00
E01301,C067,view,P022,2023-04-09 05:29:00
E01302,C089,purchase,P006,2023-04-04 15:35:00
E01303,C075,checkout,P038,2023-03-11 16:36:00
E01304,C053,view,P043,2023-06-19 06:47:00
E01305,C059,purchase,P010,2023-04-16 03:08:00
E01306,C069,view,P023,2023-06-28 07:11:00
E01307,C002,add_to_cart,P020,2023-04-11 18:03:00
E01308,C051,add_to_cart,P042,2023-01-13 18:35:00
E01309,C076,checkout,P045,2023-01-08 14:36:00
E01310,C072,view,P043,2023-03-08 10:36:00
E01311,C054,view,P026,2023-06-06 20:45:00
E01312,C073,view,P009,2023-01-22 19:37:00
E01313,C085,view,P039,2023-03-07 21:21:00
E01314,C031,view,P046,2023-06-16 02:19:00
E01315,C001,view,P006,2023-03-02 02:47:00
E01316,C001,view,P020,2023-06-17 05:50:00
E01317,C054,checkout,P036,2023-01-04 18:54:00
E01318,C081,view,P025,2023-01-31 06:58:00
E01319,C080,view,P042,2023-05-31 12:30:00
E01320,C017,view,P022,2023-02-11 15:53:00
E01321,C013,view,P009,2023-02-24 15:12:00
E01322,C078,purchase,P043,2023-02-12 18:42:00
E01323,C014,view,P045,2023-06-17 10:04:00
E01324,C015,checkout,P048,2023-03-27 04:10:00
E01325,C013,view,P044,2023-01-07 13:40:00
E01326,C035,view,P034,2023-04-11 05:41:00
E01327,C058,add_to_cart,P006,2023-02-20 15:20:00
E01328,C034,view,P042,2023-01-31 13:56:00
E01329,C090,view,P043,2023-03-16 10:45:00
E01330,C059,add_to_cart,P028,2023-03-03 06:09:00
E01331,C004,add_to_cart,P033,2023-04-05 05:33:00
E01332,C078,view,P024,2023-01-11 05:19:00
E01333,C044,view,P002,2023-01-09 13:06:00
E01334,C063,purchase,P024,2023-04-14 02:19:00
E01335,C035,view,P020,2023-06-04 22:42:00
E01336,C020,add_to_cart,P012,2023-01-29 09:03:00
E01337,C048,view,P014,2023-02-02 15:19:00
E01338,C061,view,P022,2023-03-29 16:38:00
E01339,C050,view,P050,2023-04-28 04:15:00
E01340,C036,view,P032,2023-05-05 07:21:00
E01341,C014,view,P013,2023-04-22 06:06:00
E01342,C068,add_to_cart,P015,2023-05-04 12:31:00
E01343,C092,purchase,P009,2023-04-11 12:51:00
E01344,C045,view,P010,2023-03-21 12:47:00
E01345,C066,add_to_cart,P005,2023-06-21 04:37:00
E01346,C008,add_to_cart,P019,2023-05-03 10:18:00
E01347,C031,purchase,P007,2023-05-24 07:40:00
E01348,C066,checkout,P033,2023-04-27 06:15:00
E01349,C057,view,P050,2023-01-14 08:29:00
E01350,C074,view,P035,2023-03-09 10:57:00
E01351,C069,remove_from_cart,P048,2023-04-13 16:38:00
E01352,C060,view,P034,2023-04-30 00:29:00
E01353,C045,add_to_cart,P003,2023-01-08 08:29:00
E01354,C006,purchase,P043,2023-03-10 06:20:00
E01355,C004,remove_from_cart,P022,2023-05-30 08:05:00
E01356,C032,view,P050,2023-06-06 06:38:00
E01357,C040,add_to_cart,P040,2023-04-05 04:24:00
E01358,C074,add_to_cart,P009,2023-02-17 08:47:00
E01359,C063,view,P039,2023-04-04 14:34:00
E01360,C043,purchase,P025,2023-05-27 01:07:00
E01361,C063,view,P010,2023-04-25 08:08:00
E01362,C083,view,P011,2023-02-04 15:17:00
E01363,C070,view,P012,2023-02-27 17:36:00
E01364,C084,view,P045,2023-02-28 20:06:00
E01365,C011,view,P050,2023-04-24 01:13:00
E01366,C003,purchase,P040,2023-04-03 11:55:00
E01367,C087,view,P011,2023-02-13 17:53:00
E01368,C073,view,P047,2023-02-04 21:38:00
E01369,C047,view,P029,2023-01-25 18:59:00
E01370,C087,view,P003,2023-01-25 19:39:00
E01371,C098,view,P027,2023-06-10 23:11:00
E01372,C025,remove_from_cart,P024,2023-05-31 09:13:00
E01373,C058,view,P044,2023-04-06 17:34:00
E01374,C041,view,P047,2023-02-23 13:54:00
E01375,C048,view,P016,2023-05-24 17:06:00
E01376,C075,view,P029,2023-05-22 01:56:00
E01377,C086,purchase,P040,2023-03-09 04:38:00
E01378,C081,view,P019,2023-01-04 22:55:00
E01379,C002,purchase,P049,2023-02-01 20:25:00
E01380,C082,view,P048,2023-03-14 01:14:00
E01381,C016,add_to_cart,P029,2023-02-05 05:05:00
E01382,C099,view,P015,2023-01-02 07:21:00
E01383,C016,view,P035,2023-02-25 00:11:00
E01384,C047,view,P016,2023-03-11 21:29:00
E01385,C076,view,P020,2023-06-07 18:43:00
E01386,C002,view,P031,2023-03-27 06:18:00
E01387,C027,add_to_cart,P013,2023-05-27 12:55:00
E01388,C007,view,P024,2023-01-09 11:25:00
E01389,C063,view,P044,2023-04-14 19:55:00
E01390,C013,checkout,P037,2023-05-17 13:04:00
E01391,C063,view,P029,2023-01-15 11:35:00
E01392,C036,checkout,P030,2023-04-28 21:56:00
E01393,C090,view,P050,2023-05-19 12:11:00
E01394,C093,add_to_cart,P019,2023-04-13 02:44:00
E01395,C030,view,P050,2023-03-25 17:49:00
E01396,C074,add_to_cart,P025,2023-03-26 17:55:00
E01397,C037,add_to_cart,P033,2023-02-18 06:38:00
E01398,C100,add_to_cart,P034,2023-03-25 12:03:00
E01399,C019,view,P027,2023-04-04 04:04:00
E01400,C064,view,P011,2023-04-18 14:14:00
E01401,C029,view,P013,2023-05-20 23:01:00
E01402,C063,view,P039,2023-01-25 19:33:00
E01403,C096,add_to_cart,P009,2023-04-29 17:08:00
E01404,C054,view,P017,2023-01-12 09:48:00
E01405,C019,add_to_cart,P004,2023-02-14 13:00:00
E01406,C043,add_to_cart,P042,2023-01-05 10:04:00
E01407,C100,checkout,P031,2023-06-29 03:31:00
E01408,C036,view,P024,2023-06-08 13:38:00
E01409,C019,add_to_cart,P036,2023-06-20 00:51:00
E01410,C079,checkout,P007,2023-06-21 09:12:00
E01411,C032,checkout,P046,2023-02-28 04:33:00
E01412,C005,view,P034,2023-04-18 02:37:00
E01413,C075,view,P008,2023-01-19 10:33:00
E01414,C068,view,P019,2023-06-07 17:05:00
E01415,C077,purchase,P006,2023-02-07 09:45:00
E01416,C095,purchase,P049,2023-05-18 08:18:00
E01417,C094,view,P011,2023-02-24 03:46:00
E01418,C057,add_to_cart,P018,2023-03-11 23:26:00
E01419,C083,purchase,P029,2023-01-01 04:47:00
E01420,C066,view,P033,2023-04-02 19:53:00
E01421,C002,add_to_cart,P010,2023-03-04 13:11:00
E01422,C017,add_to_cart,P028,2023-03-15 23:11:00
E01423,C046,view,P006,2023-06-21 07:26:00
E01424,C088,checkout,P015,2023-04-25 09:26:00
E01425,C085,remove_from_cart,P029,2023-03-19 19:05:00
E01426,C050,view,P023,2023-01-09 07:44:00
E01427,C097,view,P002,2023-01-05 22:55:00
E01428,C065,add_to_cart,P027,2023-04-17 01:56:00
E01429,C071,view,P004,2023-03-10 02:31:00
E01430,C004,view,P026,2023-04-29 07:53:00
E01431,C075,purchase,P033,2023-02-02 02:50:00
E01432,C075,checkout,P024,2023-05-28 22:03:00
E01433,C067,add_to_cart,P016,2023-01-11 13:36:00
E01434,C054,add_to_cart,P025,2023-04-22 09:19:00
E01435,C002,add_to_cart,P006,2023-05-18 23:25:00
E01436,C084,view,P024,2023-03-21 11:36:00
E01437,C096,view,P015,2023-04-08 00:27:00
E01438,C042,view,P002,2023-03-16 13:00:00
E01439,C042,view,P021,2023-04-14 06:45:00
E01440,C080,view,P007,2023-06-26 11:36:00
E01441,C084,add_to_cart,P046,2023-04-22 20:10:00
E01442,C041,purchase,P042,2023-05-05 13:19:00
E01443,C090,add_to_cart,P022,2023-06-24 22:35:00
E01444,C040,view,P010,2023-02-05 10:33:00
E01445,C073,add_to_cart,P009,2023-06-16 18:00:00
E01446,C098,checkout,P003,2023-05-22 12:54:00
E01447,C060,remove_from_cart,P019,2023-06-18 20:02:00
E01448,C036,view,P031,2023-04-11 04:42:00
E01449,C002,add_to_cart,P045,2023-04-05 15:09:00
E01450,C066,view,P009,2023-01-11 07:39:00
E01451,C028,view,P049,2023-03-19 09:42:00
E01452,C024,view,P046,2023-01-14 05:33:00
E01453,C078,checkout,P031,2023-05-13 01:27:00
E01454,C014,checkout,P029,2023-04-09 08:25:00
E01455,C076,view,P040,2023-04-05 21:25:00
E01456,C036,purchase,P001,2023-04-07 00:21:00
E01457,C078,remove_from_cart,P006,2023-04-01 23:24:00
E01458,C100,add_to_cart,P002,2023-03-16 17:35:00
E01459,C033,checkout,P017,2023-05-14 18:59:00
E01460,C018,add_to_cart,P014,2023-04-13 20:38:00
E01461,C096,remove_from_cart,P010,2023-01-07 16:15:00
E01462,C059,purchase,P036,2023-02-23 01:56:00
E01463,C078,view,P047,2023-05-31 13:01:00
E01464,C070,add_to_cart,P039,2023-06-18 18:24:00
E01465,C087,add_to_cart,P034,2023-02-25 05:58:00
E01466,C046,view,P028,2023-06-24 14:35:00
E01467,C017,checkout,P008,2023-01-05 14:38:00
E01468,C044,add_to_cart,P050,2023-05-01 23:08:00
E01469,C027,view,P019,2023-06-21 02:15:00
E01470,C078,view,P016,2023-04-02 14:56:00
E01471,C031,view,P020,2023-04-16 13:47:00
E01472,C083,view,P008,2023-06-22 05:17:00
E01473,C087,checkout,P004,2023-06-17 17:48:00
E01474,C084,add_to_cart,P016,2023-06-20 02:16:00
E01475,C029,view,P027,2023-05-14 06:16:00
E01476,C095,view,P041,2023-02-25 09:48:00
E01477,C069,view,P040,2023-01-12 02:00:00
E01478,C072,view,P030,2023-04-24 13:39:00
E01479,C044,view,P005,2023-02-20 21:30:00
E01480,C039,purchase,P008,2023-02-05 01:59:00
E01481,C075,add_to_cart,P032,2023-03-08 15:21:00
E01482,C016,purchase,P039,2023-02-05 05:33:00
E01483,C067,checkout,P035,2023-04-20 13:13:00
E01484,C053,view,P002,2023-06-13 10:24:00
E01485,C066,add_to_cart,P041,2023-01-06 04:53:00
E01486,C008,view,P033,2023-04-04 02:26:00
E01487,C033,add_to_cart,P037,2023-03-31 08:34:00
E01488,C069,add_to_cart,P016,2023-01-06 02:51:00
E01489,C084,add_to_cart,P046,2023-06-11 11:20:00
E01490,C039,checkout,P010,2023-03-01 17:25:00
E01491,C019,add_to_cart,P019,2023-04-06 18:20:00
E01492,C043,view,P028,2023-06-13 16:27:00
E01493,C057,view,P001,2023-05-01 22:11:00
E01494,C053,remove_from_cart,P040,2023-06-24 06:02:00
E01495,C083,view,P023,2023-03-18 05:27:00
E01496,C042,add_to_cart,P016,2023-04-18 02:26:00
E01497,C026,view,P037,2023-02-09 03:56:00
E01498,C028,remove_from_cart,P027,2023-05-16 09:59:00
E01499,C083,checkout,P012,2023-01-28 07:46:00
E01500,C012,view,P043,2023-05-10 17:26:00
E01501,C078,view,P043,2023-02-02 00:41:00
E01502,C027,purchase,P006,2023-02-28 17:37:00
E01503,C043,view,P034,2023-06-22 17:09:00
E01504,C046,add_to_cart,P024,2023-06-18 18:56:00
E01505,C042,view,P005,2023-05-06 01:06:00
E01506,C072,add_to_cart,P034,2023-06-23 09:57:00
E01507,C047,view,P035,2023-04-16 10:18:00
E01508,C061,purchase,P033,2023-06-09 04:59:00
E01509,C026,remove_from_cart,P033,2023-03-09 07:07:00
E01510,C043,purchase,P036,2023-06-01 18:12:00
E01511,C046,add_to_cart,P002,2023-04-16 17:51:00
E01512,C013,remove_from_cart,P025,2023-03-01 19:33:00
E01513,C054,view,P031,2023-01-12 02:29:00
E01514,C004,view,P003,2023-03-26 02:56:00
E01515,C007,view,P041,2023-05-25 00:10:00
E01516,C092,purchase,P025,2023-03-15 09:26:00
E01517,C045,view,P024,2023-01-29 02:35:00
E01518,C057,view,P017,2023-03-16 16:53:00
E01519,C029,view,P048,2023-02-03 12:51:00
E01520,C014,view,P002,2023-03-05 03:09:00
E01521,C092,purchase,P023,2023-02-24 13:03:00
E01522,C030,purchase,P005,2023-04-16 17:16:00
E01523,C079,view,P023,2023-03-21 02:00:00
E01524,C051,view,P016,2023-03-21 23:54:00
E01525,C047,add_to_cart,P047,2023-05-16 23:49:00
E01526,C038,view,P043,2023-05-10 13:44:00
E01527,C007,add_to_cart,P041,2023-04-21 17:21:00
E01528,C041,view,P007,2023-02-27 21:44:00
E01529,C007,add_to_cart,P050,2023-01-09 00:49:00
E01530,C091,view,P038,2023-06-11 01:36:00
E01531,C053,add_to_cart,P048,2023-01-02 01:39:00
E01532,C017,add_to_cart,P049,2023-02-21 13:09:00
E01533,C090,view,P022,2023-04-09 04:22:00
E01534,C094,view,P009,2023-03-08 23:24:00
E01535,C035,view,P003,2023-05-29 13:11:00
E01536,C083,view,P023,2023-01-07 05:07:00
E01537,C043,add_to_cart,P035,2023-06-27 15:41:00
E01538,C018,view,P022,2023-05-18 12:44:00
E01539,C016,add_to_cart,P042,2023-01-12 04:42:00
E01540,C059,view,P012,2023-03-02 00:36:00
E01541,C017,add_to_cart,P050,2023-04-05 12:29:00
E01542,C090,view,P044,2023-05-28 12:56:00
E01543,C004,view,P030,2023-01-24 15:49:00
E01544,C075,remove_from_cart,P045,2023-02-19 23:07:00
E01545,C094,view,P031,2023-03-20 23:53:00
E01546,C053,view,P041,2023-03-14 17:00:00
E01547,C001,view,P012,2023-02-22 12:09:00
E01548,C087,view,P009,2023-04-06 13:25:00
E01549,C070,add_to_cart,P005,2023-05-25 19:35:00
E01550,C086,view,P046,2023-05-25 23:45:00
E01551,C095,purchase,P050,2023-06-18 21:49:00
E01552,C042,view,P030,2023-05-11 07:00:00
E01553,C012,purchase,P003,2023-04-07 19:38:00
E01554,C039,purchase,P019,2023-02-04 09:56:00
E01555,C076,checkout,P013,2023-01-01 19:44:00
E01556,C062,view,P003,2023-03-19 08:01:00
E01557,C052,view,P013,2023-01-12 11:55:00
E01558,C054,view,P003,2023-02-10 15:02:00
E01559,C043,view,P021,2023-06-09 13:57:00
E01560,C037,purchase,P020,2023-05-16 08:43:00
E01561,C059,view,P033,2023-05-28 13:30:00
E01562,C068,view,P026,2023-01-20 08:03:00
E01563,C098,remove_from_cart,P035,2023-04-14 10:09:00
E01564,C044,purchase,P031,2023-06-04 14:33:00
E01565,C025,view,P017,2023-05-02 15:48:00
E01566,C055,view,P003,2023-03-03 01:02:00
E01567,C014,view,P049,2023-03-16 02:39:00
E01568,C092,view,P042,2023-01-09 20:00:00
E01569,C009,view,P013,2023-03-29 22:13:00
E01570,C032,checkout,P019,2023-03-08 23:32:00
E01571,C042,view,P023,2023-02-23 15:22:00
E01572,C074,add_to_cart,P050,2023-03-27 22:49:00
E01573,C015,add_to_cart,P004,2023-02-05 15:22:00
E01574,C003,view,P042,2023-03-11 22:19:00
E01575,C029,view,P022,2023-01-09 04:21:00
E01576,C012,view,P018,2023-05-29 07:40:00
E01577,C093,view,P008,2023-04-08 08:07:00
E01578,C008,checkout,P024,2023-01-06 22:11:00
E01579,C047,add_to_cart,P028,2023-03-30 14:12:00
E01580,C067,view,P026,2023-02-09 16:54:00
E01581,C016,add_to_cart,P048,2023-05-08 15:11:00
E01582,C009,add_to_cart,P029,2023-02-09 08:12:00
E01583,C071,view,P025,2023-06-27 11:49:00
E01584,C098,view,P022,2023-01-31 20:39:00
E01585,C044,view,P012,2023-05-24 06:34:00
E01586,C080,checkout,P032,2023-05-08 05:43:00
E01587,C089,purchase,P045,2023-03-09 19:04:00
E01588,C081,remove_from_cart,P032,2023-05-12 21:33:00
E01589,C078,view,P024,2023-05-19 13:44:00
E01590,C023,purchase,P034,2023-05-27 11:26:00
E01591,C069,purchase,P018,2023-04-28 16:49:00
E01592,C062,view,P006,2023-05-13 03:25:00
E01593,C028,view,P047,2023-04-21 12:43:00
E01594,C063,add_to_cart,P028,2023-04-14 22:42:00
E01595,C056,view,P006,2023-03-01 19:26:00
E01596,C009,view,P028,2023-02-24 08:51:00
E01597,C092,view,P039,2023-02-27 10:53:00
E01598,C098,view,P012,2023-03-29 09:29:00
E01599,C008,add_to_cart,P035,2023-03-14 08:55:00
E01600,C048,view,P019,2023-06-05 07:40:00
E01601,C013,view,P021,2023-02-01 09:23:00
E01602,C082,remove_from_cart,P007,2023-06-15 17:37:00
E01603,C074,add_to_cart,P006,2023-06-08 20:01:00
E01604,C047,purchase,P021,2023-05-06 11:58:00
E01605,C077,view,P043,2023-03-11 12:08:00
E01606,C055,remove_from_cart,P019,2023-03-07 10:42:00
E01607,C053,add_to_cart,P020,2023-01-21 15:09:00
E01608,C045,view,P029,2023-05-02 01:12:00
E01609,C065,view,P039,2023-01-31 11:34:00
E01610,C086,view,P046,2023-03-15 14:13:00
E01611,C019,view,P028,2023-04-16 13:10:00
E01612,C092,view,P011,2023-06-04 02:02:00
E01613,C033,checkout,P045,2023-03-23 16:26:00
E01614,C052,checkout,P029,2023-05-21 05:04:00
E01615,C037,add_to_cart,P023,2023-04-11 16:33:00
E01616,C099,view,P029,2023-05-03 12:21:00
E01617,C077,add_to_cart,P003,2023-01-30 03:39:00
E01618,C054,view,P047,2023-06-02 13:15:00
E01619,C035,view,P023,2023-02-12 08:13:00
E01620,C072,view,P040,2023-06-12 03:02:00
E01621,C086,checkout,P028,2023-06-27 13:59:00
E01622,C085,purchase,P018,2023-01-08 03:44:00
E01623,C006,view,P041,2023-03-30 05:19:00
E01624,C087,view,P004,2023-06-12 18:30:00
E01625,C096,view,P005,2023-04-02 08:42:00
E01626,C018,add_to_cart,P043,2023-03-01 04:16:00
E01627,C021,view,P041,2023-01-15 20:38:00
E01628,C091,add_to_cart,P026,2023-03-14 03:29:00
E01629,C088,add_to_cart,P024,2023-06-06 21:59:00
E01630,C051,view,P033,2023-01-01 17:53:00
E01631,C048,add_to_cart,P048,2023-06-11 03:49:00
E01632,C091,add_to_cart,P044,2023-01-25 06:04:00
E01633,C057,remove_from_cart,P011,2023-04-29 19:37:00
E01634,C040,add_to_cart,P002,2023-02-25 03:56:00
E01635,C049,view,P010,2023-05-04 19:16:00
E01636,C092,add_to_cart,P039,2023-04-18 07:36:00
E01637,C066,view,P044,2023-06-16 00:49:00
E01638,C041,view,P029,2023-05-07 18:00:00
E01639,C038,view,P003,2023-03-16 17:14:00
E01640,C014,view,P009,2023-06-18 08:34:00
E01641,C099,view,P005,2023-05-21 10:58:00
E01642,C018,add_to_cart,P016,2023-02-11 03:31:00
E01643,C088,add_to_cart,P050,2023-03-29 05:49:00
E01644,C001,view,P042,2023-05-07 21:00:00
E01645,C049,checkout,P024,2023-03-30 12:26:00
E01646,C098,checkout,P024,2023-03-05 19:13:00
E01647,C093,checkout,P025,2023-05-20 21:06:00
E01648,C025,add_to_cart,P037,2023-02-19 09:54:00
E01649,C073,add_to_cart,P003,2023-06-29 02:58:00
E01650,C097,view,P039,2023-04-18 21:31:00
E01651,C055,view,P010,2023-03-04 19:36:00
E01652,C045,add_to_cart,P044,2023-05-21 12:41:00
E01653,C070,add_to_cart,P029,2023-04-06 07:43:00
E01654,C039,add_to_cart,P024,2023-03-22 08:41:00
E01655,C030,add_to_cart,P024,2023-06-26 13:05:00
E01656,C060,view,P029,2023-03-13 09:00:00
E01657,C073,add_to_cart,P049,2023-01-01 08:35:00
E01658,C063,checkout,P005,2023-03-17 19:24:00
E01659,C009,view,P037,2023-01-20 08:16:00
E01660,C016,view,P009,2023-04-06 04:40:00
E01661,C052,add_to_cart,P034,2023-04-04 08:04:00
E01662,C020,checkout,P024,2023-05-29 08:14:00
E01663,C002,checkout,P026,2023-03-15 01:39:00
E01664,C042,add_to_cart,P021,2023-03-18 05:16:00
E01665,C095,view,P042,2023-01-01 01:06:00
E01666,C063,view,P018,2023-05-20 17:44:00
E01667,C094,view,P016,2023-01-27 17:38:00
E01668,C042,checkout,P008,2023-06-23 18:31:00
E01669,C013,add_to_cart,P002,2023-06-07 04:57:00
E01670,C073,remove_from_cart,P048,2023-04-21 07:29:00
E01671,C056,purchase,P012,2023-01-30 13:58:00
E01672,C040,checkout,P032,2023-05-17 09:56:00
E01673,C023,view,P034,2023-05-17 12:09:00
E01674,C051,checkout,P025,2023-01-12 21:18:00
E01675,C089,view,P036,2023-01-18 14:43:00
E01676,C055,view,P008,2023-02-20 13:53:00
E01677,C025,add_to_cart,P017,2023-05-25 05:58:00
E01678,C092,view,P050,2023-01-02 02:45:00
E01679,C067,view,P017,2023-04-22 08:17:00
E01680,C075,add_to_cart,P046,2023-04-19 22:23:00
E01681,C069,view,P029,2023-06-04 21:14:00
E01682,C060,view,P014,2023-03-11 05:34:00
E01683,C062,remove_from_cart,P040,2023-02-05 16:55:00
E01684,C068,remove_from_cart,P019,2023-01-02 01:15:00
E01685,C055,remove_from_cart,P045,2023-04-12 03:57:00
E01686,C049,add_to_cart,P032,2023-03-25 14:59:00
E01687,C007,view,P013,2023-01-19 16:48:00
E01688,C089,purchase,P008,2023-03-02 10:29:00
E01689,C051,view,P009,2023-05-24 10:35:00
E01690,C080,checkout,P005,2023-01-02 02:17:00
E01691,C017,view,P029,2023-06-15 15:40:00
E01692,C007,checkout,P012,2023-01-08 11:45:00
E01693,C036,view,P046,2023-02-15 10:31:00
E01694,C018,purchase,P029,2023-05-16 07:24:00
E01695,C025,view,P006,2023-05-16 14:05:00
E01696,C024,view,P044,2023-05-02 20:46:00
E01697,C098,view,P021,2023-01-10 07:06:00
E01698,C038,view,P043,2023-04-18 07:46:00
E01699,C090,view,P023,2023-04-16 15:17:00
E01700,C056,view,P046,2023-04-05 10:34:00
E01701,C072,checkout,P005,2023-02-06 08:15:00
E01702,C096,remove_from_cart,P036,2023-03-08 08:38:00
E01703,C009,purchase,P035,2023-01-02 21:16:00
E01704,C063,view,P019,2023-05-23 05:09:00
E01705,C068,add_to_cart,P020,2023-05-14 22:58:00
E01706,C007,add_to_cart,P011,2023-02-05 08:26:00
E01707,C080,checkout,P046,2023-04-16 08:43:00
E01708,C087,view,P046,2023-02-18 22:34:00
E01709,C042,add_to_cart,P045,2023-05-23 16:49:00
E01710,C063,add_to_cart,P041,2023-01-16 15:04:00
E01711,C059,add_to_cart,P012,2023-03-07 05:22:00
E01712,C048,checkout,P024,2023-04-12 03:11:00
E01713,C003,add_to_cart,P033,2023-06-13 03:41:00
E01714,C099,checkout,P015,2023-06-09 14:22:00
E01715,C061,view,P008,2023-01-22 04:00:00
E01716,C024,view,P013,2023-01-27 21:37:00
E01717,C050,view,P009,2023-06-23 03:29:00
E01718,C079,view,P016,2023-01-11 16:26:00
E01719,C015,checkout,P032,2023-05-02 01:26:00
E01720,C008,add_to_cart,P002,2023-06-01 05:49:00
E01721,C047,checkout,P024,2023-03-15 20:17:00
E01722,C088,purchase,P036,2023-05-24 10:04:00
E01723,C032,purchase,P037,2023-02-16 20:03:00
E01724,C013,purchase,P024,2023-06-18 20:13:00
E01725,C079,view,P030,2023-04-19 16:56:00
E01726,C093,add_to_cart,P036,2023-06-05 08:53:00
E01727,C071,checkout,P009,2023-03-24 10:06:00
E01728,C064,add_to_cart,P040,2023-01-15 14:29:00
E01729,C014,purchase,P006,2023-04-12 04:37:00
E01730,C002,view,P005,2023-06-29 21:01:00
E01731,C089,add_to_cart,P020,2023-05-16 21:16:00
E01732,C084,view,P026,2023-03-30 16:52:00
E01733,C022,view,P046,2023-01-06 12:31:00
E01734,C050,add_to_cart,P047,2023-03-14 23:12:00
E01735,C043,view,P031,2023-06-15 06:49:00
E01736,C002,purchase,P034,2023-04-06 05:26:00
E01737,C098,add_to_cart,P027,2023-05-25 01:20:00
E01738,C089,view,P050,2023-04-21 16:19:00
E01739,C064,view,P027,2023-05-15 19:52:00
E01740,C037,view,P037,2023-06-14 01:08:00
E01741,C042,view,P005,2023-05-12 00:40:00
E01742,C100,add_to_cart,P009,2023-03-04 08:53:00
E01743,C022,checkout,P021,2023-05-03 10:04:00
E01744,C038,add_to_cart,P042,2023-04-08 20:16:00
E01745,C018,add_to_cart,P005,2023-03-30 19:10:00
E01746,C097,add_to_cart,P029,2023-03-15 08:03:00
E01747,C004,view,P030,2023-01-17 13:14:00
E01748,C043,add_to_cart,P044,2023-01-08 05:20:00
E01749,C028,view,P034,2023-05-31 08:22:00
E01750,C100,purchase,P023,2023-06-22 07:25:00
E01751,C080,view,P009,2023-02-19 16:17:00
E01752,C088,view,P050,2023-03-20 05:32:00
E01753,C056,checkout,P036,2023-06-22 18:20:00
E01754,C043,add_to_cart,P041,2023-05-12 03:21:00
E01755,C081,checkout,P038,2023-01-24 09:26:00
E01756,C054,view,P012,2023-04-03 23:21:00
E01757,C098,view,P050,2023-01-30 17:38:00
E01758,C071,view,P009,2023-02-25 04:25:00
E01759,C007,remove_from_cart,P028,2023-01-26 22:13:00
E01760,C065,checkout,P033,2023-03-07 06:40:00
E01761,C052,checkout,P004,2023-05-18 19:08:00
E01762,C021,add_to_cart,P008,2023-06-22 10:48:00
E01763,C047,view,P034,2023-02-09 09:54:00
E01764,C056,checkout,P010,2023-05-31 03:11:00
E01765,C020,checkout,P020,2023-05-26 00:05:00
E01766,C072,view,P011,2023-02-15 16:16:00
E01767,C024,add_to_cart,P011,2023-05-14 15:34:00
E01768,C083,view,P021,2023-03-12 21:12:00
E01769,C055,view,P046,2023-06-06 20:13:00
E01770,C030,view,P015,2023-02-24 08:42:00
E01771,C084,checkout,P023,2023-05-12 21:38:00
E01772,C041,add_to_cart,P034,2023-04-06 05:52:00
E01773,C031,view,P019,2023-04-20 18:57:00
E01774,C017,view,P006,2023-01-19 19:34:00
E01775,C089,checkout,P017,2023-04-18 16:23:00
E01776,C022,add_to_cart,P013,2023-04-26 02:30:00
E01777,C019,view,P041,2023-01-19 02:41:00
E01778,C035,remove_from_cart,P036,2023-02-14 17:04:00
E01779,C052,checkout,P018,2023-01-25 16:05:00
E01780,C037,view,P009,2023-03-16 13:52:00
E01781,C091,add_to_cart,P041,2023-03-17 00:47:00
E01782,C061,view,P020,2023-01-17 00:25:00
E01783,C080,view,P040,2023-06-17 12:51:00
E01784,C074,add_to_cart,P035,2023-04-24 06:08:00
E01785,C059,checkout,P006,2023-01-03 18:51:00
E01786,C053,view,P033,2023-03-25 18:54:00
E01787,C034,view,P042,2023-01-31 04:19:00
E01788,C078,add_to_cart,P011,2023-03-27 13:26:00
E01789,C096,add_to_cart,P038,2023-03-16 16:09:00
E01790,C050,view,P038,2023-05-27 19:48:00
E01791,C012,remove_from_cart,P010,2023-03-26 11:11:00
E01792,C084,add_to_cart,P011,2023-06-24 00:46:00
E01793,C058,view,P043,2023-05-11 18:25:00
E01794,C006,view,P040,2023-02-19 06:14:00
E01795,C023,view,P047,2023-03-07 16:38:00
E01796,C079,purchase,P039,2023-04-06 20:09:00
E01797,C097,view,P022,2023-02-23 01:16:00
E01798,C055,view,P037,2023-03-18 22:16:00
E01799,C069,view,P003,2023-03-22 17:58:00
E01800,C097,add_to_cart,P002,2023-01-07 05:57:00
E01801,C080,remove_from_cart,P006,2023-01-03 05:45:00
E01802,C035,add_to_cart,P003,2023-03-11 23:24:00
E01803,C034,view,P042,2023-05-08 01:12:00
E01804,C023,add_to_cart,P050,2023-02-09 07:53:00
E01805,C032,add_to_cart,P037,2023-01-03 03:54:00
E01806,C007,checkout,P017,2023-04-15 22:20:00
E01807,C014,add_to_cart,P042,2023-04-26 13:25:00
E01808,C010,view,P014,2023-04-05 00:33:00
E01809,C030,checkout,P050,2023-05-10 12:13:00
E01810,C060,view,P037,2023-04-09 04:25:00
E01811,C063,add_to_cart,P027,2023-01-10 19:30:00
E01812,C064,purchase,P040,2023-03-16 10:55:00
E01813,C041,add_to_cart,P041,2023-04-10 22:53:00
E01814,C027,add_to_cart,P002,2023-05-14 13:19:00
E01815,C059,checkout,P032,2023-05-11 22:25:00
E01816,C036,add_to_cart,P041,2023-03-06 00:12:00
E01817,C015,view,P035,2023-02-08 16:59:00
E01818,C022,view,P019,2023-05-03 23:53:00
E01819,C097,checkout,P042,2023-01-19 20:40:00
E01820,C048,view,P020,2023-03-23 21:25:00
E01821,C041,view,P031,2023-01-23 08:07:00
E01822,C097,view,P016,2023-06-27 22:28:00
E01823,C057,view,P044,2023-04-14 00:24:00
E01824,C062,checkout,P026,2023-01-14 09:07:00
E01825,C081,view,P020,2023-04-18 05:37:00
E01826,C094,view,P030,2023-05-30 02:50:00
E01827,C085,add_to_cart,P005,2023-02-24 12:38:00
E01828,C029,add_to_cart,P045,2023-02-09 17:16:00
E01829,C017,view,P004,2023-04-02 08:47:00
E01830,C084,purchase,P011,2023-02-24 19:29:00
E01831,C017,view,P029,2023-06-23 02:24:00
E01832,C029,view,P027,2023-04-18 14:41:00
E01833,C020,add_to_cart,P031,2023-05-20 18:22:00
E01834,C009,view,P030,2023-06-09 09:30:00
E01835,C015,view,P014,2023-01-19 15:50:00
E01836,C019,view,P022,2023-02-25 20:09:00
E01837,C089,add_to_cart,P039,2023-04-07 11:25:00
E01838,C092,add_to_cart,P010,2023-04-28 15:59:00
E01839,C053,view,P021,2023-05-16 02:08:00
E01840,C042,add_to_cart,P046,2023-04-23 08:11:00
E01841,C033,view,P021,2023-06-23 06:47:00
E01842,C063,add_to_cart,P047,2023-04-18 09:52:00
E01843,C055,checkout,P023,2023-05-31 12:55:00
E01844,C052,remove_from_cart,P026,2023-01-14 22:45:00
E01845,C007,view,P009,2023-04-29 15:31:00
E01846,C016,view,P049,2023-02-08 23:17:00
E01847,C062,view,P024,2023-01-12 00:56:00
E01848,C010,view,P033,2023-02-15 14:39:00
E01849,C058,add_to_cart,P036,2023-04-05 04:54:00
E01850,C092,add_to_cart,P007,2023-01-26 16:51:00
E01851,C080,add_to_cart,P021,2023-01-30 09:17:00
E01852,C043,view,P016,2023-06-27 07:09:00
E01853,C071,view,P030,2023-02-06 08:24:00
E01854,C045,view,P008,2023-05-19 14:58:00
E01855,C052,add_to_cart,P018,2023-03-18 17:29:00
E01856,C075,add_to_cart,P029,2023-06-29 15:07:00
E01857,C030,view,P016,2023-01-15 17:29:00
E01858,C044,add_to_cart,P010,2023-01-14 22:05:00
E01859,C088,add_to_cart,P007,2023-05-13 18:51:00
E01860,C026,add_to_cart,P004,2023-06-09 03:27:00
E01861,C100,view,P019,2023-06-05 12:57:00
E01862,C073,view,P025,2023-05-08 10:20:00
E01863,C023,view,P040,2023-01-05 11:27:00
E01864,C002,view,P027,2023-03-25 16:26:00
E01865,C046,add_to_cart,P016,2023-05-28 09:15:00
E01866,C040,remove_from_cart,P011,2023-01-23 11:15:00
E01867,C078,add_to_cart,P021,2023-03-23 12:49:00
E01868,C044,add_to_cart,P037,2023-03-02 12:53:00
E01869,C077,checkout,P047,2023-06-20 20:37:00
E01870,C018,view,P021,2023-02-01 08:58:00
E01871,C094,view,P013,2023-03-15 22:31:00
E01872,C071,add_to_cart,P049,2023-06-19 23:14:00
E01873,C006,view,P011,2023-03-20 14:44:00
E01874,C048,view,P032,2023-03-18 03:16:00
E01875,C011,view,P033,2023-04-25 18:10:00
E01876,C069,add_to_cart,P030,2023-01-26 02:12:00
E01877,C009,add_to_cart,P032,2023-02-14 03:40:00
E01878,C070,view,P020,2023-06-12 09:56:00
E01879,C072,view,P032,2023-06-05 22:02:00
E01880,C038,checkout,P002,2023-06-20 23:51:00
E01881,C035,view,P006,2023-01-17 16:54:00
E01882,C014,add_to_cart,P026,2023-01-01 06:03:00
E01883,C034,view,P033,2023-02-01 17:29:00
E01884,C017,view,P030,2023-05-02 13:17:00
E01885,C095,add_to_cart,P016,2023-03-15 01:47:00
E01886,C004,view,P014,2023-03-27 22:25:00
E01887,C085,add_to_cart,P038,2023-04-04 05:55:00
E01888,C082,add_to_cart,P023,2023-06-21 02:41:00
E01889,C012,remove_from_cart,P004,2023-05-06 18:09:00
E01890,C006,view,P004,2023-06-27 23:46:00
E01891,C011,add_to_cart,P019,2023-06-05 15:26:00
E01892,C012,view,P032,2023-04-03 19:19:00
E01893,C011,view,P039,2023-05-18 01:07:00
E01894,C010,checkout,P042,2023-04-08 11:59:00
E01895,C008,remove_from_cart,P044,2023-06-15 14:01:00
E01896,C076,add_to_cart,P031,2023-05-12 08:47:00
E01897,C054,add_to_cart,P019,2023-01-07 06:45:00
E01898,C021,view,P035,2023-02-21 12:45:00
E01899,C039,checkout,P001,2023-02-20 08:54:00
E01900,C007,view,P007,2023-03-19 02:01:00
E01901,C038,checkout,P028,2023-01-06 11:08:00
E01902,C044,view,P009,2023-04-28 22:01:00
E01903,C062,view,P017,2023-02-28 01:20:00
E01904,C051,add_to_cart,P047,2023-04-08 08:23:00
E01905,C051,view,P024,2023-05-27 23:35:00
E01906,C021,add_to_cart,P049,2023-05-31 15:16:00
E01907,C057,view,P026,2023-04-26 04:07:00
E01908,C033,view,P024,2023-01-18 00:23:00
E01909,C092,view,P003,2023-01-28 06:23:00
E01910,C076,view,P026,2023-02-05 18:02:00
E01911,C074,add_to_cart,P004,2023-01-28 20:35:00
E01912,C042,view,P037,2023-03-18 15:21:00
E01913,C025,view,P036,2023-03-10 18:41:00
E01914,C057,view,P013,2023-06-21 23:57:00
E01915,C087,view,P024,2023-05-19 08:31:00
E01916,C071,view,P036,2023-04-17 20:17:00
E01917,C018,view,P019,2023-02-05 17:08:00
E01918,C098,add_to_cart,P005,2023-03-02 00:50:00
E01919,C018,view,P025,2023-05-07 15:19:00
E01920,C072,view,P033,2023-04-24 12:59:00
E01921,C053,view,P029,2023-06-15 06:43:00
E01922,C049,purchase,P049,2023-05-08 10:01:00
E01923,C090,checkout,P036,2023-03-10 22:06:00
E01924,C013,add_to_cart,P018,2023-05-28 18:43:00
E01925,C042,add_to_cart,P040,2023-03-07 22:28:00
E01926,C094,view,P044,2023-03-16 20:38:00
E01927,C054,view,P040,2023-06-27 20:59:00
E01928,C024,view,P008,2023-02-24 18:00:00
E01929,C008,view,P009,2023-03-08 22:07:00
E01930,C005,view,P007,2023-04-21 08:21:00
E01931,C013,view,P026,2023-05-09 21:22:00
E01932,C090,add_to_cart,P024,2023-02-03 04:41:00
E01933,C076,purchase,P022,2023-03-22 10:19:00
E01934,C028,add_to_cart,P036,2023-02-03 01:08:00
E01935,C086,add_to_cart,P024,2023-06-08 07:26:00
E01936,C007,purchase,P049,2023-05-08 08:23:00
E01937,C076,view,P010,2023-06-18 11:19:00
E01938,C060,checkout,P013,2023-01-31 09:50:00
E01939,C013,add_to_cart,P039,2023-02-23 13:29:00
E01940,C052,add_to_cart,P033,2023-01-05 00:52:00
E01941,C050,checkout,P026,2023-01-12 21:43:00
E01942,C007,remove_from_cart,P033,2023-01-21 04:47:00
E01943,C099,view,P003,2023-03-12 22:07:00
E01944,C100,remove_from_cart,P003,2023-04-20 21:52:00
E01945,C004,view,P003,2023-05-14 16:57:00
E01946,C061,view,P009,2023-06-27 05:16:00
E01947,C085,view,P046,2023-01-28 04:28:00
E01948,C091,checkout,P022,2023-02-05 21:00:00
E01949,C023,purchase,P031,2023-01-24 10:37:00
E01950,C061,purchase,P034,2023-05-20 19:19:00
E01951,C080,checkout,P030,2023-04-11 03:53:00
E01952,C025,view,P010,2023-06-07 13:45:00
E01953,C097,view,P039,2023-04-09 11:55:00
E01954,C069,purchase,P033,2023-04-10 07:49:00
E01955,C028,checkout,P009,2023-03-27 11:16:00
E01956,C098,purchase,P021,2023-02-28 04:28:00
E01957,C058,view,P040,2023-01-30 04:25:00
E01958,C038,view,P021,2023-02-27 06:24:00
E01959,C071,add_to_cart,P011,2023-06-21 12:23:00
E01960,C051,view,P026,2023-03-14 19:04:00
E01961,C015,add_to_cart,P040,2023-02-08 05:24:00
E01962,C093,view,P048,2023-05-31 23:14:00
E01963,C010,view,P020,2023-04-20 12:19:00
E01964,C095,add_to_cart,P038,2023-03-15 22:31:00
E01965,C036,purchase,P022,2023-01-14 11:23:00
E01966,C098,checkout,P033,2023-03-06 16:02:00
E01967,C009,checkout,P033,2023-06-12 14:09:00
E01968,C043,purchase,P035,2023-03-06 18:06:00
E01969,C098,remove_from_cart,P032,2023-02-21 17:39:00
E01970,C093,add_to_cart,P046,2023-06-12 10:20:00
E01971,C050,add_to_cart,P037,2023-06-28 06:01:00
E01972,C080,view,P020,2023-01-08 20:52:00
E01973,C098,view,P031,2023-06-03 00:06:00
E01974,C096,view,P002,2023-02-28 13:35:00
E01975,C091,checkout,P024,2023-01-20 16:13:00
E01976,C042,add_to_cart,P022,2023-06-25 16:57:00
E01977,C049,view,P044,2023-01-18 16:54:00
E01978,C022,view,P008,2023-03-20 06:18:00
E01979,C073,add_to_cart,P027,2023-01-13 22:46:00
E01980,C002,purchase,P038,2023-02-18 03:51:00
E01981,C095,add_to_cart,P020,2023-03-18 08:14:00
E01982,C040,view,P047,2023-03-14 09:14:00
E01983,C098,checkout,P045,2023-03-02 05:04:00
E01984,C090,add_to_cart,P041,2023-02-12 05:02:00
E01985,C077,checkout,P002,2023-04-30 01:39:00
E01986,C080,view,P039,2023-01-11 15:39:00
E01987,C030,purchase,P031,2023-03-09 16:53:00
E01988,C086,checkout,P017,2023-05-12 08:49:00
E01989,C049,view,P042,2023-03-02 18:28:00
E01990,C056,add_to_cart,P050,2023-06-02 22:03:00
E01991,C031,view,P038,2023-01-03 07:17:00
E01992,C053,view,P037,2023-01-30 23:18:00
E01993,C028,view,P015,2023-03-15 04:04:00
E01994,C079,add_to_cart,P047,2023-04-20 12:52:00
E01995,C077,add_to_cart,P004,2023-02-09 20:28:00
E01996,C018,view,P038,2023-01-19 18:43:00
E01997,C100,add_to_cart,P031,2023-06-14 23:46:00
E01998,C044,view,P011,2023-05-22 02:19:00
E01999,C068,view,P034,2023-05-27 06:25:00
E02000,C069,view,P041,2023-01-14 11:43:00
